-- phpMyAdmin SQL Dump
-- version 5.2.2
-- https://www.phpmyadmin.net/
--
-- Host: mysql:3306
-- Generation Time: Mar 19, 2025 at 08:21 PM
-- Server version: 9.2.0
-- PHP Version: 8.2.27

SET SQL_MODE = "NO_AUTO_VALUE_ON_ZERO";
START TRANSACTION;
SET time_zone = "+00:00";


/*!40101 SET @OLD_CHARACTER_SET_CLIENT=@@CHARACTER_SET_CLIENT */;
/*!40101 SET @OLD_CHARACTER_SET_RESULTS=@@CHARACTER_SET_RESULTS */;
/*!40101 SET @OLD_COLLATION_CONNECTION=@@COLLATION_CONNECTION */;
/*!40101 SET NAMES utf8mb4 */;

--
-- Database: `mydatabase`
--

-- --------------------------------------------------------

--
-- Table structure for table `approval_statuses`
--

CREATE TABLE `approval_statuses` (
  `id` bigint UNSIGNED NOT NULL,
  `created_at` datetime(3) DEFAULT NULL,
  `updated_at` datetime(3) DEFAULT NULL,
  `deleted_at` datetime(3) DEFAULT NULL,
  `name` varchar(191) NOT NULL
) ENGINE=InnoDB DEFAULT CHARSET=utf8mb4 COLLATE=utf8mb4_0900_ai_ci;

--
-- Dumping data for table `approval_statuses`
--

INSERT INTO `approval_statuses` (`id`, `created_at`, `updated_at`, `deleted_at`, `name`) VALUES
(1, '2025-03-16 05:41:48.000', '2025-03-16 05:41:51.000', NULL, 'อนุมัติ'),
(2, '2025-03-16 05:41:53.000', '2025-03-16 05:41:54.000', NULL, 'ไม่อนุมัติ'),
(3, '2025-03-16 05:41:58.000', '2025-03-16 05:41:56.000', NULL, 'รอนำเนินการ');

-- --------------------------------------------------------

--
-- Table structure for table `borrow_lists`
--

CREATE TABLE `borrow_lists` (
  `id` bigint UNSIGNED NOT NULL,
  `created_at` datetime(3) DEFAULT NULL,
  `updated_at` datetime(3) DEFAULT NULL,
  `deleted_at` datetime(3) DEFAULT NULL,
  `date_borrow` date NOT NULL,
  `date_return` date DEFAULT NULL,
  `doc_borrow` varchar(255) DEFAULT NULL,
  `doc_return` varchar(255) DEFAULT NULL,
  `approval_status_borrow_id` bigint UNSIGNED DEFAULT NULL,
  `approval_status_return_id` bigint UNSIGNED DEFAULT NULL,
  `user_id` bigint UNSIGNED DEFAULT NULL
) ENGINE=InnoDB DEFAULT CHARSET=utf8mb4 COLLATE=utf8mb4_0900_ai_ci;

--
-- Dumping data for table `borrow_lists`
--

INSERT INTO `borrow_lists` (`id`, `created_at`, `updated_at`, `deleted_at`, `date_borrow`, `date_return`, `doc_borrow`, `doc_return`, `approval_status_borrow_id`, `approval_status_return_id`, `user_id`) VALUES
(1, '2025-03-19 04:02:16.530', '2025-03-19 04:02:16.530', NULL, '2025-03-19', '2025-03-22', '', '', 3, 3, 1),
(2, '2025-03-19 04:04:58.406', '2025-03-19 04:06:13.576', NULL, '2025-03-19', '2025-03-19', '4_550_13_6_4_19_3_2025.pdf', '', 1, 3, 5);

-- --------------------------------------------------------

--
-- Table structure for table `borrow_list_details`
--

CREATE TABLE `borrow_list_details` (
  `id` bigint UNSIGNED NOT NULL,
  `created_at` datetime(3) DEFAULT NULL,
  `updated_at` datetime(3) DEFAULT NULL,
  `deleted_at` datetime(3) DEFAULT NULL,
  `borrow_list_id` bigint UNSIGNED DEFAULT NULL,
  `equipment_id` bigint UNSIGNED DEFAULT NULL
) ENGINE=InnoDB DEFAULT CHARSET=utf8mb4 COLLATE=utf8mb4_0900_ai_ci;

--
-- Dumping data for table `borrow_list_details`
--

INSERT INTO `borrow_list_details` (`id`, `created_at`, `updated_at`, `deleted_at`, `borrow_list_id`, `equipment_id`) VALUES
(1, '2025-03-19 04:02:16.722', '2025-03-19 04:02:16.722', NULL, 1, 1),
(2, '2025-03-19 04:02:17.046', '2025-03-19 04:02:17.046', NULL, 1, 7),
(3, '2025-03-19 04:04:58.577', '2025-03-19 04:04:58.577', NULL, 2, 8);

-- --------------------------------------------------------

--
-- Table structure for table `branches`
--

CREATE TABLE `branches` (
  `id` bigint UNSIGNED NOT NULL,
  `created_at` datetime(3) DEFAULT NULL,
  `updated_at` datetime(3) DEFAULT NULL,
  `deleted_at` datetime(3) DEFAULT NULL,
  `name` varchar(191) NOT NULL
) ENGINE=InnoDB DEFAULT CHARSET=utf8mb4 COLLATE=utf8mb4_0900_ai_ci;

--
-- Dumping data for table `branches`
--

INSERT INTO `branches` (`id`, `created_at`, `updated_at`, `deleted_at`, `name`) VALUES
(1, '2025-03-14 16:01:17.701', '2025-03-14 16:01:17.701', NULL, 'คณะ'),
(2, '2025-03-15 19:54:57.029', '2025-03-15 19:54:57.029', NULL, 'วิทยาการคอมพิวเตอร์');

-- --------------------------------------------------------

--
-- Table structure for table `budget_sources`
--

CREATE TABLE `budget_sources` (
  `id` bigint UNSIGNED NOT NULL,
  `created_at` datetime(3) DEFAULT NULL,
  `updated_at` datetime(3) DEFAULT NULL,
  `deleted_at` datetime(3) DEFAULT NULL,
  `name` varchar(191) NOT NULL
) ENGINE=InnoDB DEFAULT CHARSET=utf8mb4 COLLATE=utf8mb4_0900_ai_ci;

--
-- Dumping data for table `budget_sources`
--

INSERT INTO `budget_sources` (`id`, `created_at`, `updated_at`, `deleted_at`, `name`) VALUES
(1, '2025-03-15 20:09:53.150', '2025-03-15 20:09:53.150', NULL, 'เงินงบประมาณ แผ่นดิน'),
(2, '2025-03-15 20:10:04.470', '2025-03-15 20:10:04.470', NULL, 'เงินรายได้ (งบนโยบายต่อเนื่อง)'),
(3, '2025-03-19 14:39:56.535', '2025-03-19 14:39:56.535', NULL, 'เงินงบประมาณแผ่นดิน'),
(4, '2025-03-19 14:39:58.576', '2025-03-19 14:39:58.576', NULL, 'เงินรายได้ (งบเหลือจ่าย)');

-- --------------------------------------------------------

--
-- Table structure for table `equipment`
--

CREATE TABLE `equipment` (
  `id` bigint UNSIGNED NOT NULL,
  `created_at` datetime(3) DEFAULT NULL,
  `updated_at` datetime(3) DEFAULT NULL,
  `deleted_at` datetime(3) DEFAULT NULL,
  `code` varchar(191) NOT NULL,
  `value` varchar(10) NOT NULL,
  `date_come` date DEFAULT NULL,
  `feature` varchar(150) DEFAULT NULL,
  `location` varchar(150) DEFAULT NULL,
  `code_old` varchar(150) DEFAULT NULL,
  `equipment_status_id` bigint UNSIGNED DEFAULT NULL,
  `budget_source_id` bigint UNSIGNED DEFAULT NULL,
  `unit_id` bigint UNSIGNED DEFAULT NULL,
  `equipment_group_id` bigint UNSIGNED DEFAULT NULL,
  `equipment_name_id` bigint UNSIGNED DEFAULT NULL
) ENGINE=InnoDB DEFAULT CHARSET=utf8mb4 COLLATE=utf8mb4_0900_ai_ci;

--
-- Dumping data for table `equipment`
--

INSERT INTO `equipment` (`id`, `created_at`, `updated_at`, `deleted_at`, `code`, `value`, `date_come`, `feature`, `location`, `code_old`, `equipment_status_id`, `budget_source_id`, `unit_id`, `equipment_group_id`, `equipment_name_id`) VALUES
(1, '2025-03-15 22:42:31.433', '2025-03-19 04:02:16.854', NULL, '1', '1200000', '2025-03-16', 'xxxxxxxx', 'xxxxxxxx', 'xxxxxxxx', 7, 1, 3, 1, 1),
(7, '2025-03-15 22:44:41.351', '2025-03-19 04:02:17.178', NULL, '2', '25000', '2025-03-16', 'xxxxxxxx', 'xxxxxxxx', 'xxxxxxxx', 7, 1, 3, 1, 5),
(8, '2025-03-15 22:45:44.086', '2025-03-19 04:15:50.729', NULL, '3', '25000', '2025-03-16', 'xxxxxxxxxxxxxxx', 'xxxxxxxxxxxxxxx', 'xxxxxxxxxxxxxxx', 3, 1, 2, 2, 6),
(9, '2025-03-19 14:39:56.219', '2025-03-19 14:39:56.219', NULL, '51-21-410000-215-00032-0143', '23968.00', '2025-03-19', 'Lenove, , ThinkCentRe M55e,', 'สาขาวิชาวิทยาการคอมพิวเตอร์  ห้อง Sci 0409', '', 1, 2, 2, 1, 7),
(10, '2025-03-19 14:39:56.323', '2025-03-19 14:39:56.323', NULL, '51-21-410000-215-00032-0144', '23968.00', '2025-03-19', 'Lenove, , ThinkCentRe M55e,', 'สาขาวิชาวิทยาการคอมพิวเตอร์  ห้อง Sci 0409', '', 1, 2, 2, 1, 7),
(11, '2025-03-19 14:39:56.688', '2025-03-19 14:39:56.688', NULL, '52-11-220000-208-00331-0001', '9630.00', '2025-03-19', 'OKAYO, , GPA-300WU+WT-808T,', 'สาขาวิชาวิทยาการคอมพิวเตอร์ ดร.สมพงษ์', '', 1, 3, 1, 1, 8),
(12, '2025-03-19 14:39:56.823', '2025-03-19 14:39:56.823', NULL, '52-11-220000-208-00331-0002', '9630.00', '2025-03-19', 'OKAYO, , GPA-300WU+WT-808T,', 'สาขาวิชาวิทยาการคอมพิวเตอร์ ดร.สมพงษ์', '', 1, 3, 1, 1, 8),
(13, '2025-03-19 14:39:56.988', '2025-03-19 14:39:56.988', NULL, '52-11-220000-208-00331-0003', '9630.00', '2025-03-19', 'OKAYO, , GPA-300WU+WT-808T,', 'สาขาวิชาวิทยาการคอมพิวเตอร์ ดร.สมพงษ์', '', 1, 3, 1, 1, 8),
(14, '2025-03-19 14:39:57.089', '2025-03-19 14:39:57.089', NULL, '52-11-220000-208-00331-0004', '9630.00', '2025-03-19', 'OKAYO, , GPA-300WU+WT-808T,', 'สาขาวิชาวิทยาการคอมพิวเตอร์ ดร.สมพงษ์', '', 1, 3, 1, 1, 8),
(15, '2025-03-19 14:39:57.210', '2025-03-19 14:39:57.210', NULL, '52-21-410000-215-00032-0001', '17000.00', '2025-03-19', 'AceR, , VeRiton M261,', 'สาขาวิชาวิทยาการคอมพิวเตอร์  ห้อง Sci 0409', '', 1, 2, 2, 1, 7),
(16, '2025-03-19 14:39:57.356', '2025-03-19 14:39:57.356', NULL, '52-21-410000-215-00032-0002', '17000.00', '2025-03-19', 'AceR, , VeRiton M261,', 'สาขาวิชาวิทยาการคอมพิวเตอร์  ห้อง Sci 0409', '', 1, 2, 2, 1, 7),
(17, '2025-03-19 14:39:57.455', '2025-03-19 14:39:57.455', NULL, '52-21-410000-215-00032-0003', '17000.00', '2025-03-19', 'AceR, , VeRiton M261,', 'สาขาวิชาวิทยาการคอมพิวเตอร์  ห้อง Sci 0409', '', 1, 2, 2, 1, 7),
(18, '2025-03-19 14:39:57.567', '2025-03-19 14:39:57.567', NULL, '52-21-410000-215-00032-0022', '17000.00', '2025-03-19', 'AceR, , VeRiton M261,', 'สาขาวิชาวิทยาการคอมพิวเตอร์  ห้อง Sci 0409', '', 1, 2, 2, 1, 7),
(19, '2025-03-19 14:39:57.700', '2025-03-19 14:39:57.700', NULL, '52-21-410000-215-00032-0045', '17000.00', '2025-03-19', 'AceR, , VeRiton M261,', 'สาขาวิชาวิทยาการคอมพิวเตอร์  ห้อง Sci 0409', '', 1, 2, 2, 1, 7),
(20, '2025-03-19 14:39:57.888', '2025-03-19 14:39:57.888', NULL, '54-21-110000-207-00051-0001', '20000.00', '2025-03-19', 'รุ่น SAMSUNG SP-L251', 'สาขาวิชาวิทยาการคอมพิวเตอร์  ห้อง Sci 0205', '', 1, 2, 2, 1, 9),
(21, '2025-03-19 14:39:57.988', '2025-03-19 14:39:57.988', NULL, '54-21-110000-207-00051-0002', '20000.00', '2025-03-19', 'รุ่น SAMSUNG SP-L251', 'สาขาวิชาวิทยาการคอมพิวเตอร์  ห้อง Sci 0205', '', 1, 2, 2, 1, 9),
(22, '2025-03-19 14:39:58.079', '2025-03-19 14:39:58.079', NULL, '54-21-220000-215-00032-0013', '22900.00', '2025-03-19', 'ยี่ห้อ HP รุ่น HP COMPAQ PRO 6200MT', 'สาขาวิชาวิทยาการคอมพิวเตอร์  ห้อง Sci 0409', '', 1, 2, 2, 1, 7),
(23, '2025-03-19 14:39:58.167', '2025-03-19 14:39:58.167', NULL, '54-21-220000-215-00032-0014', '22900.00', '2025-03-19', 'ยี่ห้อ HP รุ่น HP COMPAQ PRO 6200MT', 'สาขาวิชาวิทยาการคอมพิวเตอร์  ห้อง Sci 0409', '', 1, 2, 2, 1, 7),
(24, '2025-03-19 14:39:58.245', '2025-03-19 14:39:58.245', NULL, '54-21-220000-215-00032-0015', '22900.00', '2025-03-19', 'ยี่ห้อ HP รุ่น HP COMPAQ PRO 6200MT', 'สาขาวิชาวิทยาการคอมพิวเตอร์  ห้อง Sci 0409', '', 1, 2, 2, 1, 7),
(25, '2025-03-19 14:39:58.322', '2025-03-19 14:39:58.322', NULL, '54-21-220000-215-00032-0016', '22900.00', '2025-03-19', 'ยี่ห้อ HP รุ่น HP COMPAQ PRO 6200MT', 'สาขาวิชาวิทยาการคอมพิวเตอร์  ห้อง Sci 0409', '', 1, 2, 2, 1, 7),
(26, '2025-03-19 14:39:58.423', '2025-03-19 14:39:58.423', NULL, '54-21-220000-215-00032-0017', '22900.00', '2025-03-19', 'ยี่ห้อ HP รุ่น HP COMPAQ PRO 6200MT', 'สาขาวิชาวิทยาการคอมพิวเตอร์  ห้อง Sci 0409', '', 1, 2, 2, 1, 7),
(27, '2025-03-19 14:39:58.655', '2025-03-19 14:39:58.655', NULL, '55-22-221400-202-00202-0001', '75000.00', '2025-03-19', '', 'สาขาวิชาวิทยาการคอมพิวเตอร์  ห้อง Sci 0402', '', 1, 4, 1, 1, 10),
(28, '2025-03-19 14:39:58.855', '2025-03-19 14:39:58.855', NULL, '56-21-220500-215-00033-0001', '42693.00', '2025-03-19', 'Macbook apple MD101TH', 'สาขาวิชาวิทยาการคอมพิวเตอร์  ห้อง Sci 0206', '', 1, 2, 2, 1, 11),
(29, '2025-03-19 14:39:58.965', '2025-03-19 14:39:58.965', NULL, '56-21-220500-215-00033-0002', '42693.00', '2025-03-19', 'Macbook apple MD101TH', 'สาขาวิชาวิทยาการคอมพิวเตอร์  ห้อง Sci 0206', '', 1, 2, 2, 1, 11),
(30, '2025-03-19 14:39:59.044', '2025-03-19 14:39:59.044', NULL, '57-21-220000-215-00033-0001', '42634.00', '2025-03-19', 'ยี่ห้อ Apple', 'สาขาวิชาวิทยาการคอมพิวเตอร์  ห้อง Sci 0206', '', 1, 2, 2, 1, 11),
(31, '2025-03-19 14:39:59.156', '2025-03-19 14:39:59.156', NULL, '57-21-220000-215-00033-0002', '42634.00', '2025-03-19', 'ยี่ห้อ Apple', 'สาขาวิชาวิทยาการคอมพิวเตอร์  ห้อง Sci 0206', '', 1, 2, 2, 1, 11),
(32, '2025-03-19 14:39:59.444', '2025-03-19 14:39:59.444', NULL, '57-21-410000-201-00457-0010', '9800.00', '2025-03-19', 'ยี่ห้อ LPI', 'สาขาวิชาวิทยาการคอมพิวเตอร์  ห้อง Sci 0208', '', 1, 2, 1, 1, 12),
(33, '2025-03-19 14:39:59.620', '2025-03-19 14:39:59.620', NULL, '58-21-220500-215-00163-0001', '20000.00', '2025-03-19', 'หุ่นยนต์ LEGO MinstRom เวอร์ชั่น 3', 'สาขาวิชาวิทยาการคอมพิวเตอร์  ห้อง Sci 0205', '', 1, 2, 1, 1, 13),
(34, '2025-03-19 14:39:59.711', '2025-03-19 14:39:59.711', NULL, '58-21-220500-215-00163-0002', '20000.00', '2025-03-19', 'หุ่นยนต์ LEGO MinstRom เวอร์ชั่น 3', 'สาขาวิชาวิทยาการคอมพิวเตอร์  ห้อง Sci 0205', '', 1, 2, 1, 1, 13),
(35, '2025-03-19 14:39:59.789', '2025-03-19 14:39:59.789', NULL, '58-21-220500-215-00163-0003', '20000.00', '2025-03-19', 'หุ่นยนต์ LEGO MinstRom เวอร์ชั่น 3', 'สาขาวิชาวิทยาการคอมพิวเตอร์  ห้อง Sci 0205', '', 1, 2, 1, 1, 13),
(36, '2025-03-19 14:39:59.894', '2025-03-19 14:39:59.894', NULL, '58-21-220500-215-00163-0004', '20000.00', '2025-03-19', 'หุ่นยนต์ LEGO MinstRom เวอร์ชั่น 3', 'สาขาวิชาวิทยาการคอมพิวเตอร์  ห้อง Sci 0205', '', 1, 2, 1, 1, 13),
(37, '2025-03-19 14:40:00.178', '2025-03-19 14:40:00.178', NULL, '59-21-220500-207-00017-0001', '24000.00', '2025-03-19', 'ยี่ห้อ Canon รุ่น EOS 700D', 'สาขาวิชาวิทยาการคอมพิวเตอร์  ห้อง Sci 0205', '', 1, 2, 1, 1, 14),
(38, '2025-03-19 14:40:00.332', '2025-03-19 14:40:00.332', NULL, '59-21-220500-215-00129-0001', '23000.00', '2025-03-19', '', 'สาขาวิชาวิทยาการคอมพิวเตอร์  ห้อง Sci 0205', '', 1, 2, 1, 1, 15),
(39, '2025-03-19 14:40:00.411', '2025-03-19 14:40:00.411', NULL, '59-21-220500-215-00129-0002', '23000.00', '2025-03-19', '', 'สาขาวิชาวิทยาการคอมพิวเตอร์  ห้อง Sci 0205', '', 1, 2, 1, 1, 15),
(40, '2025-03-19 14:40:00.590', '2025-03-19 14:40:00.590', NULL, '60-21-220000-215-00182-0001', '43060.02', '2025-03-19', 'ยี่ห้อ Dell รุ่น PoweREdge T130 SeRveR+Dell E1916HV', 'สาขาวิชาวิทยาการคอมพิวเตอร์  ห้อง Sci 0205', '', 1, 2, 2, 1, 16),
(41, '2025-03-19 14:40:00.654', '2025-03-19 14:40:00.654', NULL, '60-21-220000-215-00182-0002', '43060.02', '2025-03-19', 'ยี่ห้อ Dell รุ่น PoweREdge T130 SeRveR+Dell E1916HV', 'สาขาวิชาวิทยาการคอมพิวเตอร์  ห้อง Sci 0205', '', 1, 2, 2, 1, 16),
(42, '2025-03-19 14:40:00.777', '2025-03-19 14:40:00.777', NULL, '60-21-220500-215-00108-0001', '31500.00', '2025-03-19', '', 'สาขาวิชาวิทยาการคอมพิวเตอร์  ห้อง Sci 0205', '', 1, 2, 1, 1, 17),
(43, '2025-03-19 14:40:00.920', '2025-03-19 14:40:00.920', NULL, '61-21-220500-201-00007-0001', '1300.00', '2025-03-19', '', 'สาขาวิชาวิทยาการคอมพิวเตอร์  ห้อง Sci 0402', '', 1, 2, 3, 1, 18),
(44, '2025-03-19 14:40:00.999', '2025-03-19 14:40:00.999', NULL, '61-21-220500-201-00007-0002', '1300.00', '2025-03-19', '', 'สาขาวิชาวิทยาการคอมพิวเตอร์  ห้อง Sci 0402', '', 1, 2, 3, 1, 18),
(45, '2025-03-19 14:40:01.096', '2025-03-19 14:40:01.096', NULL, '61-21-220500-201-00007-0003', '1300.00', '2025-03-19', '', 'สาขาวิชาวิทยาการคอมพิวเตอร์  ห้อง Sci 0402', '', 1, 2, 3, 1, 18),
(46, '2025-03-19 14:40:01.155', '2025-03-19 14:40:01.155', NULL, '61-21-220500-201-00007-0004', '1300.00', '2025-03-19', '', 'สาขาวิชาวิทยาการคอมพิวเตอร์  ห้อง Sci 0402', '', 1, 2, 3, 1, 18),
(47, '2025-03-19 14:40:01.209', '2025-03-19 14:40:01.209', NULL, '61-21-220500-201-00007-0005', '1300.00', '2025-03-19', '', 'สาขาวิชาวิทยาการคอมพิวเตอร์  ห้อง Sci 0402', '', 1, 2, 3, 1, 18),
(48, '2025-03-19 14:40:01.264', '2025-03-19 14:40:01.264', NULL, '61-21-220500-201-00007-0006', '1300.00', '2025-03-19', '', 'สาขาวิชาวิทยาการคอมพิวเตอร์  ห้อง Sci 0402', '', 1, 2, 3, 1, 18),
(49, '2025-03-19 14:40:01.332', '2025-03-19 14:40:01.332', NULL, '61-21-220500-201-00007-0007', '1300.00', '2025-03-19', '', 'สาขาวิชาวิทยาการคอมพิวเตอร์  ห้อง Sci 0402', '', 1, 2, 3, 1, 18),
(50, '2025-03-19 14:40:01.412', '2025-03-19 14:40:01.412', NULL, '61-21-220500-201-00007-0008', '1300.00', '2025-03-19', '', 'สาขาวิชาวิทยาการคอมพิวเตอร์  ห้อง Sci 0402', '', 1, 2, 3, 1, 18),
(51, '2025-03-19 14:40:01.490', '2025-03-19 14:40:01.490', NULL, '61-21-220500-201-00007-0009', '1300.00', '2025-03-19', '', 'สาขาวิชาวิทยาการคอมพิวเตอร์  ห้อง Sci 0402', '', 1, 2, 3, 1, 18),
(52, '2025-03-19 14:40:01.566', '2025-03-19 14:40:01.566', NULL, '61-21-220500-201-00007-0010', '1300.00', '2025-03-19', '', 'สาขาวิชาวิทยาการคอมพิวเตอร์  ห้อง Sci 0402', '', 1, 2, 3, 1, 18),
(53, '2025-03-19 14:40:01.645', '2025-03-19 14:40:01.645', NULL, '61-21-220500-201-00007-0011', '1300.00', '2025-03-19', '', 'สาขาวิชาวิทยาการคอมพิวเตอร์  ห้อง Sci 0402', '', 1, 2, 3, 1, 18),
(54, '2025-03-19 14:40:01.755', '2025-03-19 14:40:01.755', NULL, '61-21-220500-201-00007-0012', '1300.00', '2025-03-19', '', 'สาขาวิชาวิทยาการคอมพิวเตอร์  ห้อง Sci 0402', '', 1, 2, 3, 1, 18),
(55, '2025-03-19 14:40:01.833', '2025-03-19 14:40:01.833', NULL, '61-21-220500-201-00007-0013', '1300.00', '2025-03-19', '', 'สาขาวิชาวิทยาการคอมพิวเตอร์  ห้อง Sci 0402', '', 1, 2, 3, 1, 18),
(56, '2025-03-19 14:40:01.911', '2025-03-19 14:40:01.911', NULL, '61-21-220500-201-00007-0014', '1300.00', '2025-03-19', '', 'สาขาวิชาวิทยาการคอมพิวเตอร์  ห้อง Sci 0402', '', 1, 2, 3, 1, 18),
(57, '2025-03-19 14:40:01.988', '2025-03-19 14:40:01.988', NULL, '61-21-220500-201-00007-0015', '1300.00', '2025-03-19', '', 'สาขาวิชาวิทยาการคอมพิวเตอร์  ห้อง Sci 0402', '', 1, 2, 3, 1, 18),
(58, '2025-03-19 14:40:02.088', '2025-03-19 14:40:02.088', NULL, '61-21-220500-201-00007-0016', '1300.00', '2025-03-19', '', 'สาขาวิชาวิทยาการคอมพิวเตอร์  ห้อง Sci 0402', '', 1, 2, 3, 1, 18),
(59, '2025-03-19 14:40:02.199', '2025-03-19 14:40:02.199', NULL, '61-21-220500-201-00007-0017', '1300.00', '2025-03-19', '', 'สาขาวิชาวิทยาการคอมพิวเตอร์  ห้อง Sci 0402', '', 1, 2, 3, 1, 18),
(60, '2025-03-19 14:40:02.310', '2025-03-19 14:40:02.310', NULL, '61-21-220500-201-00007-0018', '1300.00', '2025-03-19', '', 'สาขาวิชาวิทยาการคอมพิวเตอร์  ห้อง Sci 0402', '', 1, 2, 3, 1, 18),
(61, '2025-03-19 14:40:02.411', '2025-03-19 14:40:02.411', NULL, '61-21-220500-201-00007-0019', '1300.00', '2025-03-19', '', 'สาขาวิชาวิทยาการคอมพิวเตอร์  ห้อง Sci 0402', '', 1, 2, 3, 1, 18),
(62, '2025-03-19 14:40:02.499', '2025-03-19 14:40:02.499', NULL, '61-21-220500-201-00007-0020', '1300.00', '2025-03-19', '', 'สาขาวิชาวิทยาการคอมพิวเตอร์  ห้อง Sci 0402', '', 1, 2, 3, 1, 18),
(63, '2025-03-19 14:40:02.665', '2025-03-19 14:40:02.665', NULL, '61-21-220500-201-00455-0001', '2325.00', '2025-03-19', '', 'สาขาวิชาวิทยาการคอมพิวเตอร์  ห้อง Sci 0402', '', 1, 2, 3, 1, 19),
(64, '2025-03-19 14:40:02.765', '2025-03-19 14:40:02.765', NULL, '61-21-220500-201-00455-0002', '2325.00', '2025-03-19', '', 'สาขาวิชาวิทยาการคอมพิวเตอร์  ห้อง Sci 0402', '', 1, 2, 3, 1, 19),
(65, '2025-03-19 14:40:02.845', '2025-03-19 14:40:02.845', NULL, '61-21-220500-201-00455-0003', '2325.00', '2025-03-19', '', 'สาขาวิชาวิทยาการคอมพิวเตอร์  ห้อง Sci 0402', '', 1, 2, 3, 1, 19),
(66, '2025-03-19 14:40:02.922', '2025-03-19 14:40:02.922', NULL, '61-21-220500-201-00455-0004', '2325.00', '2025-03-19', '', 'สาขาวิชาวิทยาการคอมพิวเตอร์  ห้อง Sci 0402', '', 1, 2, 3, 1, 19),
(67, '2025-03-19 14:40:02.999', '2025-03-19 14:40:02.999', NULL, '61-21-220500-201-00455-0005', '2325.00', '2025-03-19', '', 'สาขาวิชาวิทยาการคอมพิวเตอร์  ห้อง Sci 0402', '', 1, 2, 3, 1, 19),
(68, '2025-03-19 14:40:03.077', '2025-03-19 14:40:03.077', NULL, '61-21-220500-201-00455-0006', '2325.00', '2025-03-19', '', 'สาขาวิชาวิทยาการคอมพิวเตอร์  ห้อง Sci 0402', '', 1, 2, 3, 1, 19),
(69, '2025-03-19 14:40:03.266', '2025-03-19 14:40:03.266', NULL, '61-21-220500-201-00455-0007', '2325.00', '2025-03-19', '', 'สาขาวิชาวิทยาการคอมพิวเตอร์  ห้อง Sci 0402', '', 1, 2, 3, 1, 19),
(70, '2025-03-19 14:40:03.344', '2025-03-19 14:40:03.344', NULL, '61-21-220500-201-00455-0008', '2325.00', '2025-03-19', '', 'สาขาวิชาวิทยาการคอมพิวเตอร์  ห้อง Sci 0402', '', 1, 2, 3, 1, 19),
(71, '2025-03-19 14:40:03.544', '2025-03-19 14:40:03.544', NULL, '61-21-220500-201-00455-0009', '2325.00', '2025-03-19', '', 'สาขาวิชาวิทยาการคอมพิวเตอร์  ห้อง Sci 0402', '', 1, 2, 3, 1, 19),
(72, '2025-03-19 14:40:03.840', '2025-03-19 14:40:03.840', NULL, '61-21-220500-201-00455-0010', '2325.00', '2025-03-19', '', 'สาขาวิชาวิทยาการคอมพิวเตอร์  ห้อง Sci 0402', '', 1, 2, 3, 1, 19),
(73, '2025-03-19 14:40:03.932', '2025-03-19 14:40:03.932', NULL, '61-21-220500-201-00455-0011', '2325.00', '2025-03-19', '', 'สาขาวิชาวิทยาการคอมพิวเตอร์  ห้อง Sci 0402', '', 1, 2, 3, 1, 19),
(74, '2025-03-19 14:40:04.010', '2025-03-19 14:40:04.010', NULL, '61-21-220500-201-00455-0012', '2325.00', '2025-03-19', '', 'สาขาวิชาวิทยาการคอมพิวเตอร์  ห้อง Sci 0402', '', 1, 2, 3, 1, 19),
(75, '2025-03-19 14:40:04.088', '2025-03-19 14:40:04.088', NULL, '61-21-220500-201-00455-0013', '2325.00', '2025-03-19', '', 'สาขาวิชาวิทยาการคอมพิวเตอร์  ห้อง Sci 0402', '', 1, 2, 3, 1, 19),
(76, '2025-03-19 14:40:04.166', '2025-03-19 14:40:04.166', NULL, '61-21-220500-201-00455-0014', '2325.00', '2025-03-19', '', 'สาขาวิชาวิทยาการคอมพิวเตอร์  ห้อง Sci 0402', '', 1, 2, 3, 1, 19),
(77, '2025-03-19 14:40:04.244', '2025-03-19 14:40:04.244', NULL, '61-21-220500-201-00455-0015', '2325.00', '2025-03-19', '', 'สาขาวิชาวิทยาการคอมพิวเตอร์  ห้อง Sci 0402', '', 1, 2, 3, 1, 19),
(78, '2025-03-19 14:40:04.344', '2025-03-19 14:40:04.344', NULL, '61-21-220500-201-00455-0016', '2325.00', '2025-03-19', '', 'สาขาวิชาวิทยาการคอมพิวเตอร์  ห้อง Sci 0402', '', 1, 2, 3, 1, 19),
(79, '2025-03-19 14:40:04.421', '2025-03-19 14:40:04.421', NULL, '61-21-220500-201-00455-0017', '2325.00', '2025-03-19', '', 'สาขาวิชาวิทยาการคอมพิวเตอร์  ห้อง Sci 0402', '', 1, 2, 3, 1, 19),
(80, '2025-03-19 14:40:04.511', '2025-03-19 14:40:04.511', NULL, '61-21-220500-201-00455-0018', '2325.00', '2025-03-19', '', 'สาขาวิชาวิทยาการคอมพิวเตอร์  ห้อง Sci 0402', '', 1, 2, 3, 1, 19),
(81, '2025-03-19 14:40:04.599', '2025-03-19 14:40:04.599', NULL, '61-21-220500-201-00455-0019', '2325.00', '2025-03-19', '', 'สาขาวิชาวิทยาการคอมพิวเตอร์  ห้อง Sci 0402', '', 1, 2, 3, 1, 19),
(82, '2025-03-19 14:40:04.710', '2025-03-19 14:40:04.710', NULL, '61-21-220500-201-00455-0020', '2325.00', '2025-03-19', '', 'สาขาวิชาวิทยาการคอมพิวเตอร์  ห้อง Sci 0402', '', 1, 2, 3, 1, 19),
(83, '2025-03-19 14:40:04.910', '2025-03-19 14:40:04.910', NULL, '61-21-220500-215-00087-0001', '1500.00', '2025-03-19', 'ยี่ห้อ ETECH THOR By Zircon', 'สาขาวิชาวิทยาการคอมพิวเตอร์  ห้อง Sci 0206', '', 1, 2, 2, 1, 20),
(84, '2025-03-19 14:40:04.999', '2025-03-19 14:40:04.999', NULL, '61-21-220500-215-00087-0002', '1500.00', '2025-03-19', 'ยี่ห้อ ETECH THOR By Zircon', 'สาขาวิชาวิทยาการคอมพิวเตอร์  ห้อง Sci 0206', '', 1, 2, 2, 1, 20),
(85, '2025-03-19 14:40:05.178', '2025-03-19 14:40:05.178', NULL, '61-21-220500-215-00179-0001', '16500.00', '2025-03-19', 'ยี่ห้อ FujiXerox Docurrint รุ่น CM305df', 'สาขาวิชาวิทยาการคอมพิวเตอร์  ห้อง Sci 0205', '', 1, 2, 2, 1, 21),
(86, '2025-03-19 14:40:05.433', '2025-03-19 14:40:05.433', NULL, '62-11-220000-215-00221-0001', '1450000.00', '2025-03-19', '', 'สาขาวิชาวิทยาการคอมพิวเตอร์  ห้อง Sci 0406', '', 1, 3, 4, 1, 22),
(87, '2025-03-19 14:40:05.613', '2025-03-19 14:40:05.613', NULL, '62-21-220000-215-00028-0001', '21000.00', '2025-03-19', 'ครุภัณฑ์คอมพิวเตอร์แท๊ปเล็ต', 'สาขาวิชาวิทยาการคอมพิวเตอร์  ห้อง Sci 0205', '', 1, 2, 2, 1, 23),
(88, '2025-03-19 14:40:05.778', '2025-03-19 14:40:05.778', NULL, '62-21-220000-215-00033-0001', '16000.00', '2025-03-19', 'HP 14-CK0012TX(NatuRal SilveR inteR coRe i3-7020U MemoRy 8GB.', 'สาขาวิชาวิทยาการคอมพิวเตอร์  ห้อง Sci 0206', '', 1, 2, 1, 1, 24),
(89, '2025-03-19 14:40:05.944', '2025-03-19 14:40:05.944', NULL, '64-11-220000-201-00007-0135', '2900.00', '2025-03-19', '', 'สาขาวิชาวิทยาการคอมพิวเตอร์  ห้อง Sci 0402', '', 1, 3, 3, 1, 25),
(90, '2025-03-19 14:40:06.044', '2025-03-19 14:40:06.044', NULL, '64-11-220000-201-00007-0136', '2900.00', '2025-03-19', '', 'สาขาวิชาวิทยาการคอมพิวเตอร์  ห้อง Sci 0402', '', 1, 3, 3, 1, 25),
(91, '2025-03-19 14:40:06.106', '2025-03-19 14:40:06.106', NULL, '64-11-220000-201-00007-0137', '2900.00', '2025-03-19', '', 'สาขาวิชาวิทยาการคอมพิวเตอร์  ห้อง Sci 0402', '', 1, 3, 3, 1, 25),
(92, '2025-03-19 14:40:06.857', '2025-03-19 14:40:06.857', NULL, '64-11-220000-201-00007-0138', '2900.00', '2025-03-19', '', 'สาขาวิชาวิทยาการคอมพิวเตอร์  ห้อง Sci 0402', '', 1, 3, 3, 1, 25),
(93, '2025-03-19 14:40:07.889', '2025-03-19 14:40:07.889', NULL, '64-11-220000-201-00007-0139', '2900.00', '2025-03-19', '', 'สาขาวิชาวิทยาการคอมพิวเตอร์  ห้อง Sci 0402', '', 1, 3, 3, 1, 25),
(94, '2025-03-19 14:40:08.980', '2025-03-19 14:40:08.980', NULL, '64-11-220000-201-00007-0140', '2900.00', '2025-03-19', '', 'สาขาวิชาวิทยาการคอมพิวเตอร์  ห้อง Sci 0402', '', 1, 3, 3, 1, 25),
(95, '2025-03-19 14:40:09.564', '2025-03-19 14:40:09.564', NULL, '64-11-220000-201-00007-0141', '2900.00', '2025-03-19', '', 'สาขาวิชาวิทยาการคอมพิวเตอร์  ห้อง Sci 0402', '', 1, 3, 3, 1, 25),
(96, '2025-03-19 14:40:10.644', '2025-03-19 14:40:10.644', NULL, '64-11-220000-201-00007-0142', '2900.00', '2025-03-19', '', 'สาขาวิชาวิทยาการคอมพิวเตอร์  ห้อง Sci 0402', '', 1, 3, 3, 1, 25),
(97, '2025-03-19 14:40:11.218', '2025-03-19 14:40:11.218', NULL, '64-11-220000-201-00007-0143', '2900.00', '2025-03-19', '', 'สาขาวิชาวิทยาการคอมพิวเตอร์  ห้อง Sci 0402', '', 1, 3, 3, 1, 25),
(98, '2025-03-19 14:40:12.090', '2025-03-19 14:40:12.090', NULL, '64-11-220000-201-00007-0144', '2900.00', '2025-03-19', '', 'สาขาวิชาวิทยาการคอมพิวเตอร์  ห้อง Sci 0402', '', 1, 3, 3, 1, 25),
(99, '2025-03-19 14:40:12.996', '2025-03-19 14:40:12.996', NULL, '64-11-220000-201-00007-0145', '2900.00', '2025-03-19', '', 'สาขาวิชาวิทยาการคอมพิวเตอร์  ห้อง Sci 0402', '', 1, 3, 3, 1, 25),
(100, '2025-03-19 14:40:13.749', '2025-03-19 14:40:13.749', NULL, '64-11-220000-201-00007-0146', '2900.00', '2025-03-19', '', 'สาขาวิชาวิทยาการคอมพิวเตอร์  ห้อง Sci 0402', '', 1, 3, 3, 1, 25),
(101, '2025-03-19 14:40:14.525', '2025-03-19 14:40:14.525', NULL, '64-11-220000-201-00007-0147', '2900.00', '2025-03-19', '', 'สาขาวิชาวิทยาการคอมพิวเตอร์  ห้อง Sci 0402', '', 1, 3, 3, 1, 25),
(102, '2025-03-19 14:40:15.672', '2025-03-19 14:40:15.672', NULL, '64-11-220000-201-00007-0148', '2900.00', '2025-03-19', '', 'สาขาวิชาวิทยาการคอมพิวเตอร์  ห้อง Sci 0402', '', 1, 3, 3, 1, 25),
(103, '2025-03-19 14:40:16.451', '2025-03-19 14:40:16.451', NULL, '64-11-220000-201-00007-0149', '2900.00', '2025-03-19', '', 'สาขาวิชาวิทยาการคอมพิวเตอร์  ห้อง Sci 0402', '', 1, 3, 3, 1, 25),
(104, '2025-03-19 14:40:17.022', '2025-03-19 14:40:17.022', NULL, '64-11-220000-201-00007-0150', '2900.00', '2025-03-19', '', 'สาขาวิชาวิทยาการคอมพิวเตอร์  ห้อง Sci 0402', '', 1, 3, 3, 1, 25),
(105, '2025-03-19 14:40:17.966', '2025-03-19 14:40:17.966', NULL, '64-11-220000-201-00007-0151', '2900.00', '2025-03-19', '', 'สาขาวิชาวิทยาการคอมพิวเตอร์  ห้อง Sci 0402', '', 1, 3, 3, 1, 25),
(106, '2025-03-19 14:40:18.719', '2025-03-19 14:40:18.719', NULL, '64-11-220000-201-00007-0152', '2900.00', '2025-03-19', '', 'สาขาวิชาวิทยาการคอมพิวเตอร์  ห้อง Sci 0402', '', 1, 3, 3, 1, 25),
(107, '2025-03-19 14:40:19.718', '2025-03-19 14:40:19.718', NULL, '64-11-220000-201-00007-0153', '2900.00', '2025-03-19', '', 'สาขาวิชาวิทยาการคอมพิวเตอร์  ห้อง Sci 0402', '', 1, 3, 3, 1, 25),
(108, '2025-03-19 14:40:20.308', '2025-03-19 14:40:20.308', NULL, '64-11-220000-201-00007-0154', '2900.00', '2025-03-19', '', 'สาขาวิชาวิทยาการคอมพิวเตอร์  ห้อง Sci 0402', '', 1, 3, 3, 1, 25),
(109, '2025-03-19 14:40:21.060', '2025-03-19 14:40:21.060', NULL, '64-11-220000-201-00007-0155', '2900.00', '2025-03-19', '', 'สาขาวิชาวิทยาการคอมพิวเตอร์  ห้อง Sci 0402', '', 1, 3, 3, 1, 25),
(110, '2025-03-19 14:40:21.739', '2025-03-19 14:40:21.739', NULL, '64-11-220000-201-00007-0156', '2900.00', '2025-03-19', '', 'สาขาวิชาวิทยาการคอมพิวเตอร์  ห้อง Sci 0402', '', 1, 3, 3, 1, 25),
(111, '2025-03-19 14:40:22.485', '2025-03-19 14:40:22.485', NULL, '64-11-220000-201-00007-0157', '2900.00', '2025-03-19', '', 'สาขาวิชาวิทยาการคอมพิวเตอร์  ห้อง Sci 0402', '', 1, 3, 3, 1, 25),
(112, '2025-03-19 14:40:23.063', '2025-03-19 14:40:23.063', NULL, '64-11-220000-201-00007-0158', '2900.00', '2025-03-19', '', 'สาขาวิชาวิทยาการคอมพิวเตอร์  ห้อง Sci 0402', '', 1, 3, 3, 1, 25),
(113, '2025-03-19 14:40:24.053', '2025-03-19 14:40:24.053', NULL, '64-11-220000-201-00007-0159', '2900.00', '2025-03-19', '', 'สาขาวิชาวิทยาการคอมพิวเตอร์  ห้อง Sci 0402', '', 1, 3, 3, 1, 25),
(114, '2025-03-19 14:40:24.863', '2025-03-19 14:40:24.863', NULL, '64-11-220000-201-00007-0160', '2900.00', '2025-03-19', '', 'สาขาวิชาวิทยาการคอมพิวเตอร์  ห้อง Sci 0402', '', 1, 3, 3, 1, 25),
(115, '2025-03-19 14:40:25.631', '2025-03-19 14:40:25.631', NULL, '64-11-220000-201-00007-0161', '2900.00', '2025-03-19', '', 'สาขาวิชาวิทยาการคอมพิวเตอร์  ห้อง Sci 0402', '', 1, 3, 3, 1, 25),
(116, '2025-03-19 14:40:27.879', '2025-03-19 14:40:27.879', NULL, '64-11-220000-201-00209-0008', '9500.00', '2025-03-19', '', 'สาขาวิชาวิทยาการคอมพิวเตอร์  ห้อง Sci 0402', '', 1, 3, 5, 1, 26),
(117, '2025-03-19 14:40:29.078', '2025-03-19 14:40:29.078', NULL, '64-11-220000-201-00209-0009', '9500.00', '2025-03-19', '', 'สาขาวิชาวิทยาการคอมพิวเตอร์  ห้อง Sci 0402', '', 1, 3, 5, 1, 26),
(118, '2025-03-19 14:40:30.996', '2025-03-19 14:40:30.996', NULL, '64-11-220000-201-00270-0064', '9900.00', '2025-03-19', 'ครุภัณฑ์ห้องปฏิบัติการพัฒนาแอพลิเคชั่นบนโทรศัพท์เคลื่อนที่', 'สาขาวิชาวิทยาการคอมพิวเตอร์  ห้อง Sci 0402', '', 1, 3, 1, 1, 27),
(119, '2025-03-19 14:40:32.247', '2025-03-19 14:40:32.247', NULL, '64-11-220000-201-00270-0065', '9900.00', '2025-03-19', 'ครุภัณฑ์ห้องปฏิบัติการพัฒนาแอพลิเคชั่นบนโทรศัพท์เคลื่อนที่', 'สาขาวิชาวิทยาการคอมพิวเตอร์  ห้อง Sci 0402', '', 1, 3, 1, 1, 27),
(120, '2025-03-19 14:40:33.097', '2025-03-19 14:40:33.097', NULL, '64-11-220000-201-00270-0066', '9900.00', '2025-03-19', 'ครุภัณฑ์ห้องปฏิบัติการพัฒนาแอพลิเคชั่นบนโทรศัพท์เคลื่อนที่', 'สาขาวิชาวิทยาการคอมพิวเตอร์  ห้อง Sci 0402', '', 1, 3, 1, 1, 27),
(121, '2025-03-19 14:40:34.136', '2025-03-19 14:40:34.136', NULL, '64-11-220000-201-00270-0067', '9900.00', '2025-03-19', 'ครุภัณฑ์ห้องปฏิบัติการพัฒนาแอพลิเคชั่นบนโทรศัพท์เคลื่อนที่', 'สาขาวิชาวิทยาการคอมพิวเตอร์  ห้อง Sci 0402', '', 1, 3, 1, 1, 27),
(122, '2025-03-19 14:40:34.957', '2025-03-19 14:40:34.957', NULL, '64-11-220000-201-00270-0068', '9900.00', '2025-03-19', 'ครุภัณฑ์ห้องปฏิบัติการพัฒนาแอพลิเคชั่นบนโทรศัพท์เคลื่อนที่', 'สาขาวิชาวิทยาการคอมพิวเตอร์  ห้อง Sci 0402', '', 1, 3, 1, 1, 27),
(123, '2025-03-19 14:40:35.981', '2025-03-19 14:40:35.981', NULL, '64-11-220000-201-00270-0069', '9900.00', '2025-03-19', 'ครุภัณฑ์ห้องปฏิบัติการพัฒนาแอพลิเคชั่นบนโทรศัพท์เคลื่อนที่', 'สาขาวิชาวิทยาการคอมพิวเตอร์  ห้อง Sci 0402', '', 1, 3, 1, 1, 27),
(124, '2025-03-19 14:40:37.021', '2025-03-19 14:40:37.021', NULL, '64-11-220000-201-00270-0070', '9900.00', '2025-03-19', 'ครุภัณฑ์ห้องปฏิบัติการพัฒนาแอพลิเคชั่นบนโทรศัพท์เคลื่อนที่', 'สาขาวิชาวิทยาการคอมพิวเตอร์  ห้อง Sci 0402', '', 1, 3, 1, 1, 27),
(125, '2025-03-19 14:40:37.785', '2025-03-19 14:40:37.785', NULL, '64-11-220000-201-00270-0071', '9900.00', '2025-03-19', 'ครุภัณฑ์ห้องปฏิบัติการพัฒนาแอพลิเคชั่นบนโทรศัพท์เคลื่อนที่', 'สาขาวิชาวิทยาการคอมพิวเตอร์  ห้อง Sci 0402', '', 1, 3, 1, 1, 27),
(126, '2025-03-19 14:40:38.867', '2025-03-19 14:40:38.867', NULL, '64-11-220000-201-00270-0072', '9900.00', '2025-03-19', 'ครุภัณฑ์ห้องปฏิบัติการพัฒนาแอพลิเคชั่นบนโทรศัพท์เคลื่อนที่', 'สาขาวิชาวิทยาการคอมพิวเตอร์  ห้อง Sci 0402', '', 1, 3, 1, 1, 27),
(127, '2025-03-19 14:40:40.115', '2025-03-19 14:40:40.115', NULL, '64-11-220000-201-00270-0073', '9900.00', '2025-03-19', 'ครุภัณฑ์ห้องปฏิบัติการพัฒนาแอพลิเคชั่นบนโทรศัพท์เคลื่อนที่', 'สาขาวิชาวิทยาการคอมพิวเตอร์  ห้อง Sci 0402', '', 1, 3, 1, 1, 27),
(128, '2025-03-19 14:40:41.659', '2025-03-19 14:40:41.659', NULL, '64-11-220000-201-00270-0074', '9900.00', '2025-03-19', 'ครุภัณฑ์ห้องปฏิบัติการพัฒนาแอพลิเคชั่นบนโทรศัพท์เคลื่อนที่', 'สาขาวิชาวิทยาการคอมพิวเตอร์  ห้อง Sci 0402', '', 1, 3, 1, 1, 27),
(129, '2025-03-19 14:40:42.812', '2025-03-19 14:40:42.812', NULL, '64-11-220000-201-00270-0075', '9900.00', '2025-03-19', 'ครุภัณฑ์ห้องปฏิบัติการพัฒนาแอพลิเคชั่นบนโทรศัพท์เคลื่อนที่', 'สาขาวิชาวิทยาการคอมพิวเตอร์  ห้อง Sci 0402', '', 1, 3, 1, 1, 27),
(130, '2025-03-19 14:40:43.926', '2025-03-19 14:40:43.926', NULL, '64-11-220000-201-00270-0076', '9900.00', '2025-03-19', 'ครุภัณฑ์ห้องปฏิบัติการพัฒนาแอพลิเคชั่นบนโทรศัพท์เคลื่อนที่', 'สาขาวิชาวิทยาการคอมพิวเตอร์  ห้อง Sci 0402', '', 1, 3, 1, 1, 27),
(131, '2025-03-19 14:40:45.212', '2025-03-19 14:40:45.212', NULL, '64-11-220000-201-00270-0077', '9900.00', '2025-03-19', 'ครุภัณฑ์ห้องปฏิบัติการพัฒนาแอพลิเคชั่นบนโทรศัพท์เคลื่อนที่', 'สาขาวิชาวิทยาการคอมพิวเตอร์  ห้อง Sci 0402', '', 1, 3, 1, 1, 27),
(132, '2025-03-19 14:40:45.904', '2025-03-19 14:40:45.904', NULL, '64-11-220000-201-00270-0078', '5800.00', '2025-03-19', '', 'สาขาวิชาวิทยาการคอมพิวเตอร์  ห้อง Sci 0402', '', 1, 3, 1, 1, 27),
(133, '2025-03-19 14:40:47.024', '2025-03-19 14:40:47.024', NULL, '64-11-220000-201-00270-0079', '5800.00', '2025-03-19', '', 'สาขาวิชาวิทยาการคอมพิวเตอร์  ห้อง Sci 0402', '', 1, 3, 1, 1, 27),
(134, '2025-03-19 14:40:48.036', '2025-03-19 14:40:48.036', NULL, '64-11-220000-201-00270-0080', '5800.00', '2025-03-19', '', 'สาขาวิชาวิทยาการคอมพิวเตอร์  ห้อง Sci 0402', '', 1, 3, 1, 1, 27),
(135, '2025-03-19 14:40:48.850', '2025-03-19 14:40:48.850', NULL, '64-11-220000-201-00270-0081', '5800.00', '2025-03-19', '', 'สาขาวิชาวิทยาการคอมพิวเตอร์  ห้อง Sci 0402', '', 1, 3, 1, 1, 27),
(136, '2025-03-19 14:40:49.616', '2025-03-19 14:40:49.616', NULL, '64-11-220000-201-00270-0082', '5800.00', '2025-03-19', '', 'สาขาวิชาวิทยาการคอมพิวเตอร์  ห้อง Sci 0402', '', 1, 3, 1, 1, 27),
(137, '2025-03-19 14:40:50.659', '2025-03-19 14:40:50.659', NULL, '64-11-220000-201-00270-0083', '5800.00', '2025-03-19', '', 'สาขาวิชาวิทยาการคอมพิวเตอร์  ห้อง Sci 0402', '', 1, 3, 1, 1, 27),
(138, '2025-03-19 14:40:51.220', '2025-03-19 14:40:51.220', NULL, '64-11-220000-201-00270-0084', '5800.00', '2025-03-19', '', 'สาขาวิชาวิทยาการคอมพิวเตอร์  ห้อง Sci 0402', '', 1, 3, 1, 1, 27),
(139, '2025-03-19 14:40:52.180', '2025-03-19 14:40:52.180', NULL, '64-11-220000-201-00270-0085', '5800.00', '2025-03-19', '', 'สาขาวิชาวิทยาการคอมพิวเตอร์  ห้อง Sci 0402', '', 1, 3, 1, 1, 27),
(140, '2025-03-19 14:40:54.273', '2025-03-19 14:40:54.273', NULL, '64-11-220000-201-00270-0126', '9950.00', '2025-03-19', '', 'สาขาวิชาวิทยาการคอมพิวเตอร์  ห้อง Sci 0402', '', 1, 3, 1, 1, 28),
(141, '2025-03-19 14:40:55.648', '2025-03-19 14:40:55.648', NULL, '64-11-220000-201-00270-0127', '9950.00', '2025-03-19', '', 'สาขาวิชาวิทยาการคอมพิวเตอร์  ห้อง Sci 0402', '', 1, 3, 1, 1, 28),
(142, '2025-03-19 14:40:56.379', '2025-03-19 14:40:56.379', NULL, '64-11-220000-201-00270-0128', '9950.00', '2025-03-19', '', 'สาขาวิชาวิทยาการคอมพิวเตอร์  ห้อง Sci 0402', '', 1, 3, 1, 1, 28),
(143, '2025-03-19 14:40:57.144', '2025-03-19 14:40:57.144', NULL, '64-11-220000-201-00270-0129', '9950.00', '2025-03-19', '', 'สาขาวิชาวิทยาการคอมพิวเตอร์  ห้อง Sci 0402', '', 1, 3, 1, 1, 28),
(144, '2025-03-19 14:40:58.511', '2025-03-19 14:40:58.511', NULL, '64-11-220000-201-00270-0130', '9950.00', '2025-03-19', '', 'สาขาวิชาวิทยาการคอมพิวเตอร์  ห้อง Sci 0402', '', 1, 3, 1, 1, 28),
(145, '2025-03-19 14:41:00.751', '2025-03-19 14:41:00.751', NULL, '64-11-220000-201-00270-0139', '7900.00', '2025-03-19', '', 'สาขาวิชาวิทยาการคอมพิวเตอร์  ห้อง Sci 0402', '', 1, 3, 3, 1, 29),
(146, '2025-03-19 14:41:01.312', '2025-03-19 14:41:01.312', NULL, '64-11-220000-201-00270-0140', '7900.00', '2025-03-19', '', 'สาขาวิชาวิทยาการคอมพิวเตอร์  ห้อง Sci 0402', '', 1, 3, 3, 1, 29),
(147, '2025-03-19 14:41:02.077', '2025-03-19 14:41:02.077', NULL, '64-11-220000-201-00270-0141', '7900.00', '2025-03-19', '', 'สาขาวิชาวิทยาการคอมพิวเตอร์  ห้อง Sci 0402', '', 1, 3, 3, 1, 29),
(148, '2025-03-19 14:41:02.892', '2025-03-19 14:41:02.892', NULL, '64-11-220000-201-00270-0142', '7900.00', '2025-03-19', '', 'สาขาวิชาวิทยาการคอมพิวเตอร์  ห้อง Sci 0402', '', 1, 3, 3, 1, 29),
(149, '2025-03-19 14:41:04.515', '2025-03-19 14:41:04.515', NULL, '64-11-220000-201-00441-0001', '8000.00', '2025-03-19', 'ครุภัณฑ์ห้องปฏิบัติการพัฒนาแอพลิเคชั่นบนโทรศัพท์เคลื่อนที่', 'สาขาวิชาวิทยาการคอมพิวเตอร์  ห้อง Sci 0402', '', 1, 3, 2, 1, 30),
(150, '2025-03-19 14:41:06.002', '2025-03-19 14:41:06.002', NULL, '64-11-220000-201-00441-0004', '110000.00', '2025-03-19', '', 'สาขาวิชาวิทยาการคอมพิวเตอร์  ห้อง Sci 0402', '', 1, 3, 2, 1, 31),
(151, '2025-03-19 14:41:07.539', '2025-03-19 14:41:07.539', NULL, '64-11-220000-201-00587-0001', '423000.00', '2025-03-19', '', 'สาขาวิชาวิทยาการคอมพิวเตอร์  ห้อง Sci 0406', '', 1, 3, 2, 1, 32),
(152, '2025-03-19 14:41:08.778', '2025-03-19 14:41:08.778', NULL, '64-11-220000-201-00592-0001', '5500.00', '2025-03-19', '', 'สาขาวิชาวิทยาการคอมพิวเตอร์  ห้อง Sci 0406', '', 1, 3, 5, 1, 33),
(153, '2025-03-19 14:41:09.694', '2025-03-19 14:41:09.694', NULL, '64-11-220000-201-00592-0002', '5500.00', '2025-03-19', '', 'สาขาวิชาวิทยาการคอมพิวเตอร์  ห้อง Sci 0406', '', 1, 3, 5, 1, 33),
(154, '2025-03-19 14:41:10.215', '2025-03-19 14:41:10.215', NULL, '64-11-220000-201-00592-0003', '5500.00', '2025-03-19', '', 'สาขาวิชาวิทยาการคอมพิวเตอร์  ห้อง Sci 0406', '', 1, 3, 5, 1, 33),
(155, '2025-03-19 14:41:10.953', '2025-03-19 14:41:10.953', NULL, '64-11-220000-201-00592-0004', '5500.00', '2025-03-19', '', 'สาขาวิชาวิทยาการคอมพิวเตอร์  ห้อง Sci 0406', '', 1, 3, 5, 1, 33),
(156, '2025-03-19 14:41:11.444', '2025-03-19 14:41:11.444', NULL, '64-11-220000-201-00592-0005', '5500.00', '2025-03-19', '', 'สาขาวิชาวิทยาการคอมพิวเตอร์  ห้อง Sci 0405', '', 1, 3, 5, 1, 33),
(157, '2025-03-19 14:41:12.632', '2025-03-19 14:41:12.632', NULL, '64-11-220000-201-00592-0006', '5500.00', '2025-03-19', '', 'สาขาวิชาวิทยาการคอมพิวเตอร์  ห้อง Sci 0405', '', 1, 3, 5, 1, 33),
(158, '2025-03-19 14:41:13.417', '2025-03-19 14:41:13.417', NULL, '64-11-220000-201-00592-0007', '5500.00', '2025-03-19', '', 'สาขาวิชาวิทยาการคอมพิวเตอร์  ห้อง Sci 0405', '', 1, 3, 5, 1, 33),
(159, '2025-03-19 14:41:13.906', '2025-03-19 14:41:13.906', NULL, '64-11-220000-201-00592-0008', '5500.00', '2025-03-19', '', 'สาขาวิชาวิทยาการคอมพิวเตอร์  ห้อง Sci 0405', '', 1, 3, 5, 1, 33),
(160, '2025-03-19 14:41:14.720', '2025-03-19 14:41:14.720', NULL, '64-11-220000-201-00592-0009', '5500.00', '2025-03-19', '', 'สาขาวิชาวิทยาการคอมพิวเตอร์  ห้อง Sci 0405', '', 1, 3, 5, 1, 33),
(161, '2025-03-19 14:41:15.801', '2025-03-19 14:41:15.801', NULL, '64-11-220000-201-00592-0010', '5500.00', '2025-03-19', '', 'สาขาวิชาวิทยาการคอมพิวเตอร์  ห้อง Sci 0405', '', 1, 3, 5, 1, 33),
(162, '2025-03-19 14:41:17.474', '2025-03-19 14:41:17.474', NULL, '64-11-220000-201-00595-0001', '30000.00', '2025-03-19', 'ครุภัณฑ์ห้องปฏิบัติการพัฒนาแอพลิเคชั่นบนโทรศัพท์เคลื่อนที่', 'สาขาวิชาวิทยาการคอมพิวเตอร์  ห้อง Sci 0402', '', 1, 3, 2, 1, 34),
(163, '2025-03-19 14:41:18.020', '2025-03-19 14:41:18.020', NULL, '64-11-220000-201-00595-0002', '30000.00', '2025-03-19', 'ครุภัณฑ์ห้องปฏิบัติการพัฒนาแอพลิเคชั่นบนโทรศัพท์เคลื่อนที่', 'สาขาวิชาวิทยาการคอมพิวเตอร์  ห้อง Sci 0402', '', 1, 3, 2, 1, 34),
(164, '2025-03-19 14:41:19.439', '2025-03-19 14:41:19.439', NULL, '64-11-220000-201-00595-0003', '12000.00', '2025-03-19', 'ครุภัณฑ์ห้องปฏิบัติการพัฒนาแอพลิเคชั่นบนโทรศัพท์เคลื่อนที่', 'สาขาวิชาวิทยาการคอมพิวเตอร์  ห้อง Sci 0402', '', 1, 3, 2, 1, 35),
(165, '2025-03-19 14:41:19.991', '2025-03-19 14:41:19.991', NULL, '64-11-220000-201-00595-0004', '12000.00', '2025-03-19', 'ครุภัณฑ์ห้องปฏิบัติการพัฒนาแอพลิเคชั่นบนโทรศัพท์เคลื่อนที่', 'สาขาวิชาวิทยาการคอมพิวเตอร์  ห้อง Sci 0402', '', 1, 3, 2, 1, 35),
(166, '2025-03-19 14:41:21.507', '2025-03-19 14:41:21.507', NULL, '64-11-220000-201-00596-0001', '12900.00', '2025-03-19', 'ครุภัณฑ์ห้องปฏิบัติการพัฒนาแอพลิเคชั่นบนโทรศัพท์เคลื่อนที่', 'สาขาวิชาวิทยาการคอมพิวเตอร์  ห้อง Sci 0402', '', 1, 3, 3, 1, 36),
(167, '2025-03-19 14:41:22.880', '2025-03-19 14:41:22.880', NULL, '64-11-220000-201-00596-0002', '17900.00', '2025-03-19', 'ครุภัณฑ์ห้องปฏิบัติการพัฒนาแอพลิเคชั่นบนโทรศัพท์เคลื่อนที่', 'สาขาวิชาวิทยาการคอมพิวเตอร์  ห้อง Sci 0402', '', 1, 3, 3, 1, 37),
(168, '2025-03-19 14:41:24.567', '2025-03-19 14:41:24.567', NULL, '64-11-220000-201-00598-0002', '2900.00', '2025-03-19', '', 'สาขาวิชาวิทยาการคอมพิวเตอร์  ห้อง Sci 0402', '', 1, 3, 3, 1, 38),
(169, '2025-03-19 14:41:25.243', '2025-03-19 14:41:25.243', NULL, '64-11-220000-201-00598-0003', '2900.00', '2025-03-19', '', 'สาขาวิชาวิทยาการคอมพิวเตอร์  ห้อง Sci 0402', '', 1, 3, 3, 1, 38),
(170, '2025-03-19 14:41:25.938', '2025-03-19 14:41:25.938', NULL, '64-11-220000-201-00598-0004', '2900.00', '2025-03-19', '', 'สาขาวิชาวิทยาการคอมพิวเตอร์  ห้อง Sci 0402', '', 1, 3, 3, 1, 38),
(171, '2025-03-19 14:41:26.734', '2025-03-19 14:41:26.734', NULL, '64-11-220000-201-00598-0005', '2900.00', '2025-03-19', '', 'สาขาวิชาวิทยาการคอมพิวเตอร์  ห้อง Sci 0402', '', 1, 3, 3, 1, 38),
(172, '2025-03-19 14:41:28.407', '2025-03-19 14:41:28.407', NULL, '64-11-220000-201-00607-0001', '72700.00', '2025-03-19', '', 'สาขาวิชาวิทยาการคอมพิวเตอร์  ห้อง Sci 0402', '', 1, 3, 1, 1, 39),
(173, '2025-03-19 14:41:29.798', '2025-03-19 14:41:29.798', NULL, '64-11-220000-201-00608-0001', '22000.00', '2025-03-19', '', 'สาขาวิชาวิทยาการคอมพิวเตอร์  ห้อง Sci 0402', '', 1, 3, 2, 1, 40),
(174, '2025-03-19 14:41:31.041', '2025-03-19 14:41:31.041', NULL, '64-11-220000-201-00609-0001', '29000.00', '2025-03-19', '', 'สาขาวิชาวิทยาการคอมพิวเตอร์  ห้อง Sci 0402', '', 1, 3, 2, 1, 41),
(175, '2025-03-19 14:41:32.814', '2025-03-19 14:41:32.814', NULL, '64-11-220000-201-00610-0001', '65000.00', '2025-03-19', '', 'สาขาวิชาวิทยาการคอมพิวเตอร์  ห้อง Sci 0402', '', 1, 3, 3, 1, 42),
(176, '2025-03-19 14:41:34.993', '2025-03-19 14:41:34.993', NULL, '64-11-220000-202-00025-0001', '12000.00', '2025-03-19', '', 'สาขาวิชาวิทยาการคอมพิวเตอร์  ห้อง Sci 0402', '', 1, 3, 2, 1, 43),
(177, '2025-03-19 14:41:36.959', '2025-03-19 14:41:36.959', NULL, '64-11-220000-202-00453-0001', '68000.00', '2025-03-19', 'ครุภัณฑ์ห้องปฏิบัติการพัฒนาแอพลิเคชั่นบนโทรศัพท์เคลื่อนที่', 'สาขาวิชาวิทยาการคอมพิวเตอร์  ห้อง Sci 0402', '', 1, 3, 2, 1, 44),
(178, '2025-03-19 14:41:37.995', '2025-03-19 14:41:37.995', NULL, '64-11-220000-202-00453-0002', '68000.00', '2025-03-19', 'ครุภัณฑ์ห้องปฏิบัติการพัฒนาแอพลิเคชั่นบนโทรศัพท์เคลื่อนที่', 'สาขาวิชาวิทยาการคอมพิวเตอร์  ห้อง Sci 0402', '', 1, 3, 2, 1, 44),
(179, '2025-03-19 14:41:38.784', '2025-03-19 14:41:38.784', NULL, '64-11-220000-202-00453-0003', '68000.00', '2025-03-19', 'ครุภัณฑ์ห้องปฏิบัติการพัฒนาแอพลิเคชั่นบนโทรศัพท์เคลื่อนที่', 'สาขาวิชาวิทยาการคอมพิวเตอร์  ห้อง Sci 0402', '', 1, 3, 2, 1, 44),
(180, '2025-03-19 14:41:39.361', '2025-03-19 14:41:39.361', NULL, '64-11-220000-202-00453-0004', '68000.00', '2025-03-19', 'ครุภัณฑ์ห้องปฏิบัติการพัฒนาแอพลิเคชั่นบนโทรศัพท์เคลื่อนที่', 'สาขาวิชาวิทยาการคอมพิวเตอร์  ห้อง Sci 0402', '', 1, 3, 2, 1, 44),
(181, '2025-03-19 14:41:40.689', '2025-03-19 14:41:40.689', NULL, '64-11-220000-202-00453-0005', '68000.00', '2025-03-19', 'ครุภัณฑ์ห้องปฏิบัติการพัฒนาแอพลิเคชั่นบนโทรศัพท์เคลื่อนที่', 'สาขาวิชาวิทยาการคอมพิวเตอร์  ห้อง Sci 0402', '', 1, 3, 2, 1, 44),
(182, '2025-03-19 14:41:41.591', '2025-03-19 14:41:41.591', NULL, '64-11-220000-202-00453-0006', '68000.00', '2025-03-19', 'ครุภัณฑ์ห้องปฏิบัติการพัฒนาแอพลิเคชั่นบนโทรศัพท์เคลื่อนที่', 'สาขาวิชาวิทยาการคอมพิวเตอร์  ห้อง Sci 0402', '', 1, 3, 2, 1, 44),
(183, '2025-03-19 14:41:42.429', '2025-03-19 14:41:42.429', NULL, '64-11-220000-202-00453-0007', '68000.00', '2025-03-19', 'ครุภัณฑ์ห้องปฏิบัติการพัฒนาแอพลิเคชั่นบนโทรศัพท์เคลื่อนที่', 'สาขาวิชาวิทยาการคอมพิวเตอร์  ห้อง Sci 0402', '', 1, 3, 2, 1, 44),
(184, '2025-03-19 14:41:43.218', '2025-03-19 14:41:43.218', NULL, '64-11-220000-202-00453-0008', '68000.00', '2025-03-19', 'ครุภัณฑ์ห้องปฏิบัติการพัฒนาแอพลิเคชั่นบนโทรศัพท์เคลื่อนที่', 'สาขาวิชาวิทยาการคอมพิวเตอร์  ห้อง Sci 0402', '', 1, 3, 2, 1, 44),
(185, '2025-03-19 14:41:44.176', '2025-03-19 14:41:44.176', NULL, '64-11-220000-202-00453-0009', '68000.00', '2025-03-19', 'ครุภัณฑ์ห้องปฏิบัติการพัฒนาแอพลิเคชั่นบนโทรศัพท์เคลื่อนที่', 'สาขาวิชาวิทยาการคอมพิวเตอร์  ห้อง Sci 0402', '', 1, 3, 2, 1, 44),
(186, '2025-03-19 14:41:45.301', '2025-03-19 14:41:45.301', NULL, '64-11-220000-202-00453-0010', '68000.00', '2025-03-19', 'ครุภัณฑ์ห้องปฏิบัติการพัฒนาแอพลิเคชั่นบนโทรศัพท์เคลื่อนที่', 'สาขาวิชาวิทยาการคอมพิวเตอร์  ห้อง Sci 0402', '', 1, 3, 2, 1, 44),
(187, '2025-03-19 14:41:46.109', '2025-03-19 14:41:46.109', NULL, '64-11-220000-202-00453-0011', '68000.00', '2025-03-19', 'ครุภัณฑ์ห้องปฏิบัติการพัฒนาแอพลิเคชั่นบนโทรศัพท์เคลื่อนที่', 'สาขาวิชาวิทยาการคอมพิวเตอร์  ห้อง Sci 0402', '', 1, 3, 2, 1, 44),
(188, '2025-03-19 14:41:47.137', '2025-03-19 14:41:47.137', NULL, '64-11-220000-202-00453-0012', '68000.00', '2025-03-19', 'ครุภัณฑ์ห้องปฏิบัติการพัฒนาแอพลิเคชั่นบนโทรศัพท์เคลื่อนที่', 'สาขาวิชาวิทยาการคอมพิวเตอร์  ห้อง Sci 0402', '', 1, 3, 2, 1, 44),
(189, '2025-03-19 14:41:48.332', '2025-03-19 14:41:48.332', NULL, '64-11-220000-202-00453-0013', '68000.00', '2025-03-19', 'ครุภัณฑ์ห้องปฏิบัติการพัฒนาแอพลิเคชั่นบนโทรศัพท์เคลื่อนที่', 'สาขาวิชาวิทยาการคอมพิวเตอร์  ห้อง Sci 0402', '', 1, 3, 2, 1, 44),
(190, '2025-03-19 14:41:48.991', '2025-03-19 14:41:48.991', NULL, '64-11-220000-202-00453-0014', '68000.00', '2025-03-19', 'ครุภัณฑ์ห้องปฏิบัติการพัฒนาแอพลิเคชั่นบนโทรศัพท์เคลื่อนที่', 'สาขาวิชาวิทยาการคอมพิวเตอร์  ห้อง Sci 0402', '', 1, 3, 2, 1, 44),
(191, '2025-03-19 14:41:50.289', '2025-03-19 14:41:50.289', NULL, '64-11-220000-202-00542-0001', '40000.00', '2025-03-19', 'รุ่น DAVINCI1.0 PRo', 'สาขาวิชาวิทยาการคอมพิวเตอร์  ห้อง Sci 0402', '', 1, 3, 1, 1, 45),
(192, '2025-03-19 14:41:52.357', '2025-03-19 14:41:52.357', NULL, '64-11-220000-202-00542-0002', '69000.00', '2025-03-19', '', 'สาขาวิชาวิทยาการคอมพิวเตอร์  ห้อง Sci 0205', '', 1, 3, 2, 1, 46),
(193, '2025-03-19 14:41:53.781', '2025-03-19 14:41:53.781', NULL, '64-11-220000-202-00576-0001', '50000.00', '2025-03-19', '', 'สาขาวิชาวิทยาการคอมพิวเตอร์  ห้อง Sci 0206', '', 1, 3, 1, 1, 47),
(194, '2025-03-19 14:41:54.343', '2025-03-19 14:41:54.343', NULL, '64-11-220000-202-00576-0002', '50000.00', '2025-03-19', '', 'สาขาวิชาวิทยาการคอมพิวเตอร์  ห้อง Sci 0206', '', 1, 3, 1, 1, 47),
(195, '2025-03-19 14:41:54.873', '2025-03-19 14:41:54.873', NULL, '64-11-220000-202-00576-0003', '50000.00', '2025-03-19', '', 'สาขาวิชาวิทยาการคอมพิวเตอร์  ห้อง Sci 0206', '', 1, 3, 1, 1, 47),
(196, '2025-03-19 14:41:55.597', '2025-03-19 14:41:55.597', NULL, '64-11-220000-202-00576-0004', '50000.00', '2025-03-19', '', 'สาขาวิชาวิทยาการคอมพิวเตอร์  ห้อง Sci 0206', '', 1, 3, 1, 1, 47),
(197, '2025-03-19 14:41:56.197', '2025-03-19 14:41:56.197', NULL, '64-11-220000-202-00576-0005', '50000.00', '2025-03-19', '', 'สาขาวิชาวิทยาการคอมพิวเตอร์  ห้อง Sci 0206', '', 1, 3, 1, 1, 47),
(198, '2025-03-19 14:41:56.927', '2025-03-19 14:41:56.927', NULL, '64-11-220000-202-00576-0006', '50000.00', '2025-03-19', '', 'สาขาวิชาวิทยาการคอมพิวเตอร์  ห้อง Sci 0206', '', 1, 3, 1, 1, 47),
(199, '2025-03-19 14:41:57.594', '2025-03-19 14:41:57.594', NULL, '64-11-220000-202-00576-0007', '50000.00', '2025-03-19', '', 'สาขาวิชาวิทยาการคอมพิวเตอร์  ห้อง Sci 0206', '', 1, 3, 1, 1, 47),
(200, '2025-03-19 14:41:58.707', '2025-03-19 14:41:58.707', NULL, '64-11-220000-202-00576-0008', '50000.00', '2025-03-19', '', 'สาขาวิชาวิทยาการคอมพิวเตอร์  ห้อง Sci 0206', '', 1, 3, 1, 1, 47),
(201, '2025-03-19 14:41:59.234', '2025-03-19 14:41:59.234', NULL, '64-11-220000-202-00576-0009', '50000.00', '2025-03-19', '', 'สาขาวิชาวิทยาการคอมพิวเตอร์  ห้อง Sci 0206', '', 1, 3, 1, 1, 47),
(202, '2025-03-19 14:42:00.086', '2025-03-19 14:42:00.086', NULL, '64-11-220000-202-00576-0010', '50000.00', '2025-03-19', '', 'สาขาวิชาวิทยาการคอมพิวเตอร์  ห้อง Sci 0206', '', 1, 3, 1, 1, 47),
(203, '2025-03-19 14:42:01.535', '2025-03-19 14:42:01.535', NULL, '64-11-220000-202-00583-0001', '140000.00', '2025-03-19', '', 'สาขาวิชาวิทยาการคอมพิวเตอร์  ห้อง Sci 0206', '', 1, 3, 1, 1, 48),
(204, '2025-03-19 14:42:02.202', '2025-03-19 14:42:02.202', NULL, '64-11-220000-202-00583-0002', '140000.00', '2025-03-19', '', 'สาขาวิชาวิทยาการคอมพิวเตอร์  ห้อง Sci 0205', '', 1, 3, 1, 1, 48),
(205, '2025-03-19 14:42:03.125', '2025-03-19 14:42:03.125', NULL, '64-11-220000-202-00583-0003', '140000.00', '2025-03-19', '', 'สาขาวิชาวิทยาการคอมพิวเตอร์  ห้อง Sci 0205', '', 1, 3, 1, 1, 48),
(206, '2025-03-19 14:42:03.761', '2025-03-19 14:42:03.761', NULL, '64-11-220000-202-00583-0004', '140000.00', '2025-03-19', '', 'สาขาวิชาวิทยาการคอมพิวเตอร์  ห้อง Sci 0205', '', 1, 3, 1, 1, 48),
(207, '2025-03-19 14:42:04.862', '2025-03-19 14:42:04.862', NULL, '64-11-220000-202-00583-0005', '140000.00', '2025-03-19', '', 'สาขาวิชาวิทยาการคอมพิวเตอร์  ห้อง Sci 0205', '', 1, 3, 1, 1, 48),
(208, '2025-03-19 14:42:05.866', '2025-03-19 14:42:05.866', NULL, '64-11-220000-202-00583-0006', '140000.00', '2025-03-19', '', 'สาขาวิชาวิทยาการคอมพิวเตอร์  ห้อง Sci 0205', '', 1, 3, 1, 1, 48),
(209, '2025-03-19 14:42:06.646', '2025-03-19 14:42:06.646', NULL, '64-11-220000-202-00583-0007', '140000.00', '2025-03-19', '', 'สาขาวิชาวิทยาการคอมพิวเตอร์  ห้อง Sci 0205', '', 1, 3, 1, 1, 48),
(210, '2025-03-19 14:42:07.634', '2025-03-19 14:42:07.634', NULL, '64-11-220000-202-00583-0008', '140000.00', '2025-03-19', '', 'สาขาวิชาวิทยาการคอมพิวเตอร์  ห้อง Sci 0205', '', 1, 3, 1, 1, 48),
(211, '2025-03-19 14:42:08.208', '2025-03-19 14:42:08.208', NULL, '64-11-220000-202-00583-0009', '140000.00', '2025-03-19', '', 'สาขาวิชาวิทยาการคอมพิวเตอร์  ห้อง Sci 0205', '', 1, 3, 1, 1, 48),
(212, '2025-03-19 14:42:09.003', '2025-03-19 14:42:09.003', NULL, '64-11-220000-202-00583-0010', '140000.00', '2025-03-19', '', 'สาขาวิชาวิทยาการคอมพิวเตอร์  ห้อง Sci 0205', '', 1, 3, 1, 1, 48),
(213, '2025-03-19 14:42:09.974', '2025-03-19 14:42:09.974', NULL, '64-11-220000-202-00583-0011', '140000.00', '2025-03-19', '', 'สาขาวิชาวิทยาการคอมพิวเตอร์  ห้อง Sci 0205', '', 1, 3, 1, 1, 48),
(214, '2025-03-19 14:42:10.899', '2025-03-19 14:42:10.899', NULL, '64-11-220000-202-00583-0012', '140000.00', '2025-03-19', '', 'สาขาวิชาวิทยาการคอมพิวเตอร์  ห้อง Sci 0205', '', 1, 3, 1, 1, 48),
(215, '2025-03-19 14:42:11.639', '2025-03-19 14:42:11.639', NULL, '64-11-220000-202-00583-0013', '140000.00', '2025-03-19', '', 'สาขาวิชาวิทยาการคอมพิวเตอร์  ห้อง Sci 0205', '', 1, 3, 1, 1, 48),
(216, '2025-03-19 14:42:12.205', '2025-03-19 14:42:12.205', NULL, '64-11-220000-202-00583-0014', '140000.00', '2025-03-19', '', 'สาขาวิชาวิทยาการคอมพิวเตอร์  ห้อง Sci 0205', '', 1, 3, 1, 1, 48),
(217, '2025-03-19 14:42:12.942', '2025-03-19 14:42:12.942', NULL, '64-11-220000-202-00583-0015', '140000.00', '2025-03-19', '', 'สาขาวิชาวิทยาการคอมพิวเตอร์  ห้อง Sci 0205', '', 1, 3, 1, 1, 48),
(218, '2025-03-19 14:42:14.213', '2025-03-19 14:42:14.213', NULL, '64-11-220000-202-00584-0001', '65000.00', '2025-03-19', '', 'สาขาวิชาวิทยาการคอมพิวเตอร์  ห้อง Sci 0205', '', 1, 3, 1, 1, 49),
(219, '2025-03-19 14:42:14.971', '2025-03-19 14:42:14.971', NULL, '64-11-220000-202-00584-0002', '65000.00', '2025-03-19', '', 'สาขาวิชาวิทยาการคอมพิวเตอร์  ห้อง Sci 0205', '', 1, 3, 1, 1, 49),
(220, '2025-03-19 14:42:15.858', '2025-03-19 14:42:15.858', NULL, '64-11-220000-202-00584-0003', '65000.00', '2025-03-19', '', 'สาขาวิชาวิทยาการคอมพิวเตอร์  ห้อง Sci 0205', '', 1, 3, 1, 1, 49),
(221, '2025-03-19 14:42:16.575', '2025-03-19 14:42:16.575', NULL, '64-11-220000-202-00584-0004', '65000.00', '2025-03-19', '', 'สาขาวิชาวิทยาการคอมพิวเตอร์  ห้อง Sci 0205', '', 1, 3, 1, 1, 49),
(222, '2025-03-19 14:42:17.109', '2025-03-19 14:42:17.109', NULL, '64-11-220000-202-00584-0005', '65000.00', '2025-03-19', '', 'สาขาวิชาวิทยาการคอมพิวเตอร์  ห้อง Sci 0205', '', 1, 3, 1, 1, 49),
(223, '2025-03-19 14:42:17.863', '2025-03-19 14:42:17.863', NULL, '64-11-220000-202-00584-0006', '65000.00', '2025-03-19', '', 'สาขาวิชาวิทยาการคอมพิวเตอร์  ห้อง Sci 0205', '', 1, 3, 1, 1, 49),
(224, '2025-03-19 14:42:18.793', '2025-03-19 14:42:18.793', NULL, '64-11-220000-202-00584-0007', '65000.00', '2025-03-19', '', 'สาขาวิชาวิทยาการคอมพิวเตอร์  ห้อง Sci 0205', '', 1, 3, 1, 1, 49),
(225, '2025-03-19 14:42:19.508', '2025-03-19 14:42:19.508', NULL, '64-11-220000-202-00584-0008', '65000.00', '2025-03-19', '', 'สาขาวิชาวิทยาการคอมพิวเตอร์  ห้อง Sci 0205', '', 1, 3, 1, 1, 49),
(226, '2025-03-19 14:42:20.217', '2025-03-19 14:42:20.217', NULL, '64-11-220000-202-00584-0009', '65000.00', '2025-03-19', '', 'สาขาวิชาวิทยาการคอมพิวเตอร์  ห้อง Sci 0205', '', 1, 3, 1, 1, 49),
(227, '2025-03-19 14:42:20.762', '2025-03-19 14:42:20.762', NULL, '64-11-220000-202-00584-0010', '65000.00', '2025-03-19', '', 'สาขาวิชาวิทยาการคอมพิวเตอร์  ห้อง Sci 0205', '', 1, 3, 1, 1, 49),
(228, '2025-03-19 14:42:22.898', '2025-03-19 14:42:22.898', NULL, '64-11-220000-202-00585-0001', '400000.00', '2025-03-19', '', 'สาขาวิชาวิทยาการคอมพิวเตอร์  ห้อง Sci 0205', '', 1, 3, 6, 1, 50),
(229, '2025-03-19 14:42:23.579', '2025-03-19 14:42:23.579', NULL, '64-11-220000-202-00585-0002', '400000.00', '2025-03-19', '', 'สาขาวิชาวิทยาการคอมพิวเตอร์  ห้อง Sci 0205', '', 1, 3, 6, 1, 50),
(230, '2025-03-19 14:42:25.051', '2025-03-19 14:42:25.051', NULL, '64-11-220000-202-00586-0001', '10000.00', '2025-03-19', '', 'สาขาวิชาวิทยาการคอมพิวเตอร์  ห้อง Sci 0205', '', 1, 3, 1, 1, 51),
(231, '2025-03-19 14:42:25.595', '2025-03-19 14:42:25.595', NULL, '64-11-220000-202-00586-0002', '10000.00', '2025-03-19', '', 'สาขาวิชาวิทยาการคอมพิวเตอร์  ห้อง Sci 0205', '', 1, 3, 1, 1, 51),
(232, '2025-03-19 14:42:26.351', '2025-03-19 14:42:26.351', NULL, '64-11-220000-202-00586-0003', '10000.00', '2025-03-19', '', 'สาขาวิชาวิทยาการคอมพิวเตอร์  ห้อง Sci 0205', '', 1, 3, 1, 1, 51),
(233, '2025-03-19 14:42:26.920', '2025-03-19 14:42:26.920', NULL, '64-11-220000-202-00586-0004', '10000.00', '2025-03-19', '', 'สาขาวิชาวิทยาการคอมพิวเตอร์  ห้อง Sci 0205', '', 1, 3, 1, 1, 51),
(234, '2025-03-19 14:42:27.551', '2025-03-19 14:42:27.551', NULL, '64-11-220000-202-00586-0005', '10000.00', '2025-03-19', '', 'สาขาวิชาวิทยาการคอมพิวเตอร์  ห้อง Sci 0205', '', 1, 3, 1, 1, 51),
(235, '2025-03-19 14:42:28.118', '2025-03-19 14:42:28.118', NULL, '64-11-220000-202-00586-0006', '10000.00', '2025-03-19', '', 'สาขาวิชาวิทยาการคอมพิวเตอร์  ห้อง Sci 0205', '', 1, 3, 1, 1, 51),
(236, '2025-03-19 14:42:28.809', '2025-03-19 14:42:28.809', NULL, '64-11-220000-202-00586-0007', '10000.00', '2025-03-19', '', 'สาขาวิชาวิทยาการคอมพิวเตอร์  ห้อง Sci 0205', '', 1, 3, 1, 1, 51),
(237, '2025-03-19 14:42:29.580', '2025-03-19 14:42:29.580', NULL, '64-11-220000-202-00586-0008', '10000.00', '2025-03-19', '', 'สาขาวิชาวิทยาการคอมพิวเตอร์  ห้อง Sci 0205', '', 1, 3, 1, 1, 51),
(238, '2025-03-19 14:42:30.444', '2025-03-19 14:42:30.444', NULL, '64-11-220000-202-00586-0009', '10000.00', '2025-03-19', '', 'สาขาวิชาวิทยาการคอมพิวเตอร์  ห้อง Sci 0205', '', 1, 3, 1, 1, 51),
(239, '2025-03-19 14:42:30.997', '2025-03-19 14:42:30.997', NULL, '64-11-220000-202-00586-0010', '10000.00', '2025-03-19', '', 'สาขาวิชาวิทยาการคอมพิวเตอร์  ห้อง Sci 0205', '', 1, 3, 1, 1, 51),
(240, '2025-03-19 14:42:32.673', '2025-03-19 14:42:32.673', NULL, '64-11-220000-202-00587-0001', '35000.00', '2025-03-19', '', 'สาขาวิชาวิทยาการคอมพิวเตอร์  ห้อง Sci 0206', '', 1, 3, 1, 1, 52),
(241, '2025-03-19 14:42:33.190', '2025-03-19 14:42:33.190', NULL, '64-11-220000-202-00587-0002', '35000.00', '2025-03-19', '', 'สาขาวิชาวิทยาการคอมพิวเตอร์  ห้อง Sci 0206', '', 1, 3, 1, 1, 52),
(242, '2025-03-19 14:42:34.145', '2025-03-19 14:42:34.145', NULL, '64-11-220000-202-00587-0003', '35000.00', '2025-03-19', '', 'สาขาวิชาวิทยาการคอมพิวเตอร์  ห้อง Sci 0206', '', 1, 3, 1, 1, 52),
(243, '2025-03-19 14:42:34.675', '2025-03-19 14:42:34.675', NULL, '64-11-220000-202-00587-0004', '35000.00', '2025-03-19', '', 'สาขาวิชาวิทยาการคอมพิวเตอร์  ห้อง Sci 0206', '', 1, 3, 1, 1, 52),
(244, '2025-03-19 14:42:35.377', '2025-03-19 14:42:35.377', NULL, '64-11-220000-202-00587-0005', '35000.00', '2025-03-19', '', 'สาขาวิชาวิทยาการคอมพิวเตอร์  ห้อง Sci 0206', '', 1, 3, 1, 1, 52),
(245, '2025-03-19 14:42:36.612', '2025-03-19 14:42:36.612', NULL, '64-11-220000-202-00591-0001', '15000.00', '2025-03-19', '', 'สาขาวิชาวิทยาการคอมพิวเตอร์  ห้อง Sci 0402', '', 1, 3, 1, 1, 53),
(246, '2025-03-19 14:42:37.154', '2025-03-19 14:42:37.154', NULL, '64-11-220000-202-00591-0002', '15000.00', '2025-03-19', '', 'สาขาวิชาวิทยาการคอมพิวเตอร์  ห้อง Sci 0402', '', 1, 3, 1, 1, 53),
(247, '2025-03-19 14:42:38.019', '2025-03-19 14:42:38.019', NULL, '64-11-220000-202-00591-0003', '15000.00', '2025-03-19', '', 'สาขาวิชาวิทยาการคอมพิวเตอร์  ห้อง Sci 0402', '', 1, 3, 1, 1, 53),
(248, '2025-03-19 14:42:38.751', '2025-03-19 14:42:38.751', NULL, '64-11-220000-202-00591-0004', '15000.00', '2025-03-19', '', 'สาขาวิชาวิทยาการคอมพิวเตอร์  ห้อง Sci 0402', '', 1, 3, 1, 1, 53),
(249, '2025-03-19 14:42:39.555', '2025-03-19 14:42:39.555', NULL, '64-11-220000-202-00591-0005', '15000.00', '2025-03-19', '', 'สาขาวิชาวิทยาการคอมพิวเตอร์  ห้อง Sci 0402', '', 1, 3, 1, 1, 53),
(250, '2025-03-19 14:42:40.914', '2025-03-19 14:42:40.914', NULL, '64-11-220000-202-00592-0001', '10000.00', '2025-03-19', '', 'สาขาวิชาวิทยาการคอมพิวเตอร์  ห้อง Sci 0402', '', 1, 3, 1, 1, 54);
INSERT INTO `equipment` (`id`, `created_at`, `updated_at`, `deleted_at`, `code`, `value`, `date_come`, `feature`, `location`, `code_old`, `equipment_status_id`, `budget_source_id`, `unit_id`, `equipment_group_id`, `equipment_name_id`) VALUES
(251, '2025-03-19 14:42:41.751', '2025-03-19 14:42:41.751', NULL, '64-11-220000-202-00592-0002', '10000.00', '2025-03-19', '', 'สาขาวิชาวิทยาการคอมพิวเตอร์  ห้อง Sci 0402', '', 1, 3, 1, 1, 54),
(252, '2025-03-19 14:42:42.386', '2025-03-19 14:42:42.386', NULL, '64-11-220000-202-00592-0003', '10000.00', '2025-03-19', '', 'สาขาวิชาวิทยาการคอมพิวเตอร์  ห้อง Sci 0402', '', 1, 3, 1, 1, 54),
(253, '2025-03-19 14:42:43.189', '2025-03-19 14:42:43.189', NULL, '64-11-220000-202-00592-0004', '10000.00', '2025-03-19', '', 'สาขาวิชาวิทยาการคอมพิวเตอร์  ห้อง Sci 0402', '', 1, 3, 1, 1, 54),
(254, '2025-03-19 14:42:43.887', '2025-03-19 14:42:43.887', NULL, '64-11-220000-202-00592-0005', '10000.00', '2025-03-19', '', 'สาขาวิชาวิทยาการคอมพิวเตอร์  ห้อง Sci 0402', '', 1, 3, 1, 1, 54),
(255, '2025-03-19 14:42:45.229', '2025-03-19 14:42:45.229', NULL, '64-11-220000-202-00594-0001', '152300.00', '2025-03-19', '', 'สาขาวิชาวิทยาการคอมพิวเตอร์  ห้อง Sci 0402', '', 1, 3, 1, 1, 55),
(256, '2025-03-19 14:42:46.768', '2025-03-19 14:42:46.768', NULL, '64-11-220000-206-00116-0001', '18000.00', '2025-03-19', '', 'สาขาวิชาวิทยาการคอมพิวเตอร์  ห้อง Sci 0402', '', 1, 3, 2, 1, 56),
(257, '2025-03-19 14:42:47.537', '2025-03-19 14:42:47.537', NULL, '64-11-220000-206-00116-0002', '18000.00', '2025-03-19', '', 'สาขาวิชาวิทยาการคอมพิวเตอร์  ห้อง Sci 0402', '', 1, 3, 2, 1, 56),
(258, '2025-03-19 14:42:48.127', '2025-03-19 14:42:48.127', NULL, '64-11-220000-206-00116-0003', '18000.00', '2025-03-19', '', 'สาขาวิชาวิทยาการคอมพิวเตอร์  ห้อง Sci 0402', '', 1, 3, 2, 1, 56),
(259, '2025-03-19 14:42:49.100', '2025-03-19 14:42:49.100', NULL, '64-11-220000-206-00116-0004', '18000.00', '2025-03-19', '', 'สาขาวิชาวิทยาการคอมพิวเตอร์  ห้อง Sci 0402', '', 1, 3, 2, 1, 56),
(260, '2025-03-19 14:42:49.805', '2025-03-19 14:42:49.805', NULL, '64-11-220000-206-00116-0005', '18000.00', '2025-03-19', '', 'สาขาวิชาวิทยาการคอมพิวเตอร์  ห้อง Sci 0402', '', 1, 3, 2, 1, 56),
(261, '2025-03-19 14:42:51.009', '2025-03-19 14:42:51.009', NULL, '64-11-220000-206-00116-0006', '34000.00', '2025-03-19', '', 'สาขาวิชาวิทยาการคอมพิวเตอร์  ห้อง Sci 0402', '', 1, 3, 2, 1, 57),
(262, '2025-03-19 14:42:52.391', '2025-03-19 14:42:52.391', NULL, '64-11-220000-206-00116-0007', '24000.00', '2025-03-19', '', 'สาขาวิชาวิทยาการคอมพิวเตอร์  ห้อง Sci 0402', '', 1, 3, 2, 1, 58),
(263, '2025-03-19 14:42:53.978', '2025-03-19 14:42:53.978', NULL, '64-11-220000-206-00257-0001', '9000.00', '2025-03-19', 'ครุภัณฑ์ห้องปฏิบัติการพัฒนาแอพลิเคชั่นบนโทรศัพท์เคลื่อนที่ สาขาวิทยาการคอมพิวเตอร์', 'สาขาวิชาวิทยาการคอมพิวเตอร์  ห้อง Sci 0402', '', 1, 3, 1, 1, 59),
(264, '2025-03-19 14:42:55.382', '2025-03-19 14:42:55.382', NULL, '64-11-220000-207-00028-0007', '4900.00', '2025-03-19', 'ครุภัณฑ์ห้องปฏิบัติการพัฒนาแอพลิเคชั่นบนโทรศัพท์เคลื่อนที่', 'สาขาวิชาวิทยาการคอมพิวเตอร์  ห้อง Sci 0402', '', 1, 3, 1, 1, 60),
(265, '2025-03-19 14:42:56.402', '2025-03-19 14:42:56.402', NULL, '64-11-220000-207-00028-0008', '4900.00', '2025-03-19', 'ครุภัณฑ์ห้องปฏิบัติการพัฒนาแอพลิเคชั่นบนโทรศัพท์เคลื่อนที่', 'สาขาวิชาวิทยาการคอมพิวเตอร์  ห้อง Sci 0402', '', 1, 3, 1, 1, 60),
(266, '2025-03-19 14:42:57.409', '2025-03-19 14:42:57.409', NULL, '64-11-220000-207-00028-0009', '4900.00', '2025-03-19', 'ครุภัณฑ์ห้องปฏิบัติการพัฒนาแอพลิเคชั่นบนโทรศัพท์เคลื่อนที่', 'สาขาวิชาวิทยาการคอมพิวเตอร์  ห้อง Sci 0402', '', 1, 3, 1, 1, 60),
(267, '2025-03-19 14:42:58.012', '2025-03-19 14:42:58.012', NULL, '64-11-220000-207-00028-0010', '4900.00', '2025-03-19', 'ครุภัณฑ์ห้องปฏิบัติการพัฒนาแอพลิเคชั่นบนโทรศัพท์เคลื่อนที่', 'สาขาวิชาวิทยาการคอมพิวเตอร์  ห้อง Sci 0402', '', 1, 3, 1, 1, 60),
(268, '2025-03-19 14:42:59.471', '2025-03-19 14:42:59.471', NULL, '64-11-220000-207-00028-0011', '34000.00', '2025-03-19', '', 'สาขาวิชาวิทยาการคอมพิวเตอร์  ห้อง Sci 0202', '', 1, 3, 1, 1, 61),
(269, '2025-03-19 14:43:00.659', '2025-03-19 14:43:00.659', NULL, '64-11-220000-207-00028-0012', '27900.00', '2025-03-19', '', 'สาขาวิชาวิทยาการคอมพิวเตอร์  ห้อง Sci 0402', '', 1, 3, 1, 1, 62),
(270, '2025-03-19 14:43:02.042', '2025-03-19 14:43:02.042', NULL, '64-11-220000-207-00051-0003', '225000.00', '2025-03-19', 'ครุภัณฑ์ห้องปฏิบัติการพัฒนาแอพลิเคชั่นบนโทรศัพท์เคลื่อนที่', 'สาขาวิชาวิทยาการคอมพิวเตอร์  ห้อง Sci 0402', '', 1, 3, 2, 1, 9),
(271, '2025-03-19 14:43:02.647', '2025-03-19 14:43:02.647', NULL, '64-11-220000-207-00051-0004', '63200.00', '2025-03-19', '', 'สาขาวิชาวิทยาการคอมพิวเตอร์  ห้อง Sci 0402', '', 1, 3, 2, 1, 9),
(272, '2025-03-19 14:43:03.319', '2025-03-19 14:43:03.319', NULL, '64-11-220000-207-00051-0006', '33200.00', '2025-03-19', '', 'สาขาวิชาวิทยาการคอมพิวเตอร์  ห้อง Sci 0402', '', 1, 3, 2, 1, 9),
(273, '2025-03-19 14:43:05.955', '2025-03-19 14:43:05.955', NULL, '64-11-220000-207-00152-0006', '9500.00', '2025-03-19', '', 'สาขาวิชาวิทยาการคอมพิวเตอร์  ห้อง Sci 0402', '', 1, 3, 7, 1, 63),
(274, '2025-03-19 14:43:06.835', '2025-03-19 14:43:06.835', NULL, '64-11-220000-207-00152-0007', '9500.00', '2025-03-19', '', 'สาขาวิชาวิทยาการคอมพิวเตอร์  ห้อง Sci 0402', '', 1, 3, 7, 1, 63),
(275, '2025-03-19 14:43:08.283', '2025-03-19 14:43:08.283', NULL, '64-11-220000-207-00188-0001', '15000.00', '2025-03-19', 'ครุภัณฑ์ห้องปฏิบัติการพัฒนาแอพลิเคชั่นบนโทรศัพท์เคลื่อนที่', 'สาขาวิชาวิทยาการคอมพิวเตอร์  ห้อง Sci 0402', '', 1, 3, 2, 1, 64),
(276, '2025-03-19 14:43:09.722', '2025-03-19 14:43:09.722', NULL, '64-11-220000-207-00188-0002', '24000.00', '2025-03-19', 'ครุภัณฑ์ห้องปฏิบัติการพัฒนาแอพลิเคชั่นบนโทรศัพท์เคลื่อนที่', 'สาขาวิชาวิทยาการคอมพิวเตอร์  ห้อง Sci 0402', '', 1, 3, 2, 1, 65),
(277, '2025-03-19 14:43:11.144', '2025-03-19 14:43:11.144', NULL, '64-11-220000-207-00189-0001', '2400.00', '2025-03-19', 'ครุภัณฑ์ห้องปฏิบัติการพัฒนาแอพลิเคชั่นบนโทรศัพท์เคลื่อนที่', 'สาขาวิชาวิทยาการคอมพิวเตอร์  ห้อง Sci 0402', '', 1, 3, 3, 1, 66),
(278, '2025-03-19 14:43:11.701', '2025-03-19 14:43:11.701', NULL, '64-11-220000-207-00189-0002', '2400.00', '2025-03-19', 'ครุภัณฑ์ห้องปฏิบัติการพัฒนาแอพลิเคชั่นบนโทรศัพท์เคลื่อนที่', 'สาขาวิชาวิทยาการคอมพิวเตอร์  ห้อง Sci 0402', '', 1, 3, 3, 1, 66),
(279, '2025-03-19 14:43:12.617', '2025-03-19 14:43:12.617', NULL, '64-11-220000-207-00189-0003', '2400.00', '2025-03-19', 'ครุภัณฑ์ห้องปฏิบัติการพัฒนาแอพลิเคชั่นบนโทรศัพท์เคลื่อนที่', 'สาขาวิชาวิทยาการคอมพิวเตอร์  ห้อง Sci 0402', '', 1, 3, 3, 1, 66),
(280, '2025-03-19 14:43:13.452', '2025-03-19 14:43:13.452', NULL, '64-11-220000-207-00189-0004', '2400.00', '2025-03-19', 'ครุภัณฑ์ห้องปฏิบัติการพัฒนาแอพลิเคชั่นบนโทรศัพท์เคลื่อนที่', 'สาขาวิชาวิทยาการคอมพิวเตอร์  ห้อง Sci 0402', '', 1, 3, 3, 1, 66),
(281, '2025-03-19 14:43:14.061', '2025-03-19 14:43:14.061', NULL, '64-11-220000-207-00189-0005', '2400.00', '2025-03-19', 'ครุภัณฑ์ห้องปฏิบัติการพัฒนาแอพลิเคชั่นบนโทรศัพท์เคลื่อนที่', 'สาขาวิชาวิทยาการคอมพิวเตอร์  ห้อง Sci 0402', '', 1, 3, 3, 1, 66),
(282, '2025-03-19 14:43:15.706', '2025-03-19 14:43:15.706', NULL, '64-11-220000-207-00201-0001', '203750.00', '2025-03-19', '', 'สาขาวิชาวิทยาการคอมพิวเตอร์  ห้อง Sci 0402', '', 1, 3, 1, 1, 67),
(283, '2025-03-19 14:43:17.046', '2025-03-19 14:43:17.046', NULL, '64-11-220000-207-00202-0001', '61800.00', '2025-03-19', '', 'สาขาวิชาวิทยาการคอมพิวเตอร์  ห้อง Sci 0402', '', 1, 3, 1, 1, 68),
(284, '2025-03-19 14:43:18.499', '2025-03-19 14:43:18.499', NULL, '64-11-220000-207-00202-0002', '120300.00', '2025-03-19', '', 'สาขาวิชาวิทยาการคอมพิวเตอร์  ห้อง Sci 0402', '', 1, 3, 1, 1, 69),
(285, '2025-03-19 14:43:20.020', '2025-03-19 14:43:20.020', NULL, '64-11-220000-210-00081-0001', '203000.00', '2025-03-19', '', 'สาขาวิชาวิทยาการคอมพิวเตอร์  โรงเรือนหลังอาคารคณะฯ', '', 1, 3, 1, 1, 70),
(286, '2025-03-19 14:43:20.756', '2025-03-19 14:43:20.756', NULL, '64-11-220000-210-00081-0002', '203000.00', '2025-03-19', '', 'สาขาวิชาวิทยาการคอมพิวเตอร์  โรงเรือนหลังอาคารคณะฯ', '', 1, 3, 1, 1, 70),
(287, '2025-03-19 14:43:21.530', '2025-03-19 14:43:21.530', NULL, '64-11-220000-210-00081-0003', '203000.00', '2025-03-19', '', 'สาขาวิชาวิทยาการคอมพิวเตอร์  โรงเรือนหลังอาคารคณะฯ', '', 1, 3, 1, 1, 70),
(288, '2025-03-19 14:43:23.112', '2025-03-19 14:43:23.112', NULL, '64-11-220000-210-00082-0001', '40758.00', '2025-03-19', '', 'สาขาวิชาวิทยาการคอมพิวเตอร์  โรงเรือนหลังอาคารคณะฯ', '', 1, 3, 1, 1, 71),
(289, '2025-03-19 14:43:24.497', '2025-03-19 14:43:24.497', NULL, '64-11-220000-210-00083-0001', '50000.00', '2025-03-19', '', 'สาขาวิชาวิทยาการคอมพิวเตอร์  โรงเรือนหลังอาคารคณะฯ', '', 1, 3, 1, 1, 72),
(290, '2025-03-19 14:43:25.075', '2025-03-19 14:43:25.075', NULL, '64-11-220000-210-00083-0002', '50000.00', '2025-03-19', '', 'สาขาวิชาวิทยาการคอมพิวเตอร์  โรงเรือนหลังอาคารคณะฯ', '', 1, 3, 1, 1, 72),
(291, '2025-03-19 14:43:26.662', '2025-03-19 14:43:26.662', NULL, '64-11-220000-210-00084-0001', '8000.00', '2025-03-19', '', 'สาขาวิชาวิทยาการคอมพิวเตอร์  โรงเรือนหลังอาคารคณะฯ', '', 1, 3, 1, 1, 73),
(292, '2025-03-19 14:43:28.152', '2025-03-19 14:43:28.152', NULL, '64-11-220000-210-00085-0001', '3042.00', '2025-03-19', '', 'สาขาวิชาวิทยาการคอมพิวเตอร์  โรงเรือนหลังอาคารคณะฯ', '', 1, 3, 1, 1, 74),
(293, '2025-03-19 14:43:29.513', '2025-03-19 14:43:29.513', NULL, '64-11-220000-210-00086-0001', '18000.00', '2025-03-19', '', 'สาขาวิชาวิทยาการคอมพิวเตอร์  โรงเรือนหลังอาคารคณะฯ', '', 1, 3, 1, 1, 75),
(294, '2025-03-19 14:43:31.029', '2025-03-19 14:43:31.029', NULL, '64-11-220000-210-00087-0001', '70000.00', '2025-03-19', '', 'สาขาวิชาวิทยาการคอมพิวเตอร์  โรงเรือนหลังอาคารคณะฯ', '', 1, 3, 1, 1, 76),
(295, '2025-03-19 14:43:33.676', '2025-03-19 14:43:33.676', NULL, '64-11-220000-210-00088-0001', '1200.00', '2025-03-19', '', 'สาขาวิชาวิทยาการคอมพิวเตอร์  โรงเรือนหลังอาคารคณะฯ', '', 1, 3, 1, 1, 77),
(296, '2025-03-19 14:43:34.605', '2025-03-19 14:43:34.605', NULL, '64-11-220000-215-00033-0001', '39000.00', '2025-03-19', '', 'สาขาวิชาวิทยาการคอมพิวเตอร์  ห้อง Sci 0402', '', 1, 3, 2, 1, 11),
(297, '2025-03-19 14:43:36.089', '2025-03-19 14:43:36.089', NULL, '64-11-220000-215-00033-0002', '45900.00', '2025-03-19', '', 'สาขาวิชาวิทยาการคอมพิวเตอร์  ห้อง Sci 0402', '', 1, 3, 2, 1, 78),
(298, '2025-03-19 14:43:36.870', '2025-03-19 14:43:36.870', NULL, '64-11-220000-215-00033-0003', '45900.00', '2025-03-19', '', 'สาขาวิชาวิทยาการคอมพิวเตอร์  ห้อง Sci 0402', '', 1, 3, 2, 1, 78),
(299, '2025-03-19 14:43:37.617', '2025-03-19 14:43:37.617', NULL, '64-11-220000-215-00033-0004', '45900.00', '2025-03-19', '', 'สาขาวิชาวิทยาการคอมพิวเตอร์  ห้อง Sci 0402', '', 1, 3, 2, 1, 78),
(300, '2025-03-19 14:43:39.002', '2025-03-19 14:43:39.002', NULL, '64-11-220000-215-00033-0005', '30900.00', '2025-03-19', '', 'สาขาวิชาวิทยาการคอมพิวเตอร์  ห้อง Sci 0402', '', 1, 3, 2, 1, 79),
(301, '2025-03-19 14:43:39.851', '2025-03-19 14:43:39.851', NULL, '64-11-220000-215-00033-0006', '30900.00', '2025-03-19', '', 'สาขาวิชาวิทยาการคอมพิวเตอร์  ห้อง Sci 0402', '', 1, 3, 2, 1, 79),
(302, '2025-03-19 14:43:40.528', '2025-03-19 14:43:40.528', NULL, '64-11-220000-215-00033-0007', '30900.00', '2025-03-19', '', 'สาขาวิชาวิทยาการคอมพิวเตอร์  ห้อง Sci 0402', '', 1, 3, 2, 1, 79),
(303, '2025-03-19 14:43:41.923', '2025-03-19 14:43:41.923', NULL, '64-11-220000-215-00040-0004', '89900.00', '2025-03-19', '', 'สาขาวิชาวิทยาการคอมพิวเตอร์  ห้อง Sci 0402', '', 1, 3, 2, 1, 80),
(304, '2025-03-19 14:43:42.680', '2025-03-19 14:43:42.680', NULL, '64-11-220000-215-00040-0005', '89900.00', '2025-03-19', '', 'สาขาวิชาวิทยาการคอมพิวเตอร์  ห้อง Sci 0402', '', 1, 3, 2, 1, 80),
(305, '2025-03-19 14:43:43.627', '2025-03-19 14:43:43.627', NULL, '64-11-220000-215-00040-0006', '89900.00', '2025-03-19', '', 'สาขาวิชาวิทยาการคอมพิวเตอร์  ห้อง Sci 0402', '', 1, 3, 2, 1, 80),
(306, '2025-03-19 14:43:45.054', '2025-03-19 14:43:45.054', NULL, '64-11-220000-215-00040-0008', '55900.00', '2025-03-19', '', 'สาขาวิชาวิทยาการคอมพิวเตอร์  ห้อง Sci 0402', '', 1, 3, 2, 1, 81),
(307, '2025-03-19 14:43:45.884', '2025-03-19 14:43:45.884', NULL, '64-11-220000-215-00040-0009', '55900.00', '2025-03-19', '', 'สาขาวิชาวิทยาการคอมพิวเตอร์  ห้อง Sci 0402', '', 1, 3, 2, 1, 81),
(308, '2025-03-19 14:43:46.703', '2025-03-19 14:43:46.703', NULL, '64-11-220000-215-00040-0010', '55900.00', '2025-03-19', '', 'สาขาวิชาวิทยาการคอมพิวเตอร์  ห้อง Sci 0402', '', 1, 3, 2, 1, 81),
(309, '2025-03-19 14:43:47.222', '2025-03-19 14:43:47.222', NULL, '64-11-220000-215-00040-0011', '79900.00', '2025-03-19', '', 'สาขาวิชาวิทยาการคอมพิวเตอร์  ห้อง Sci 0402', '', 1, 3, 2, 1, 81),
(310, '2025-03-19 14:43:48.143', '2025-03-19 14:43:48.143', NULL, '64-11-220000-215-00040-0012', '79900.00', '2025-03-19', '', 'สาขาวิชาวิทยาการคอมพิวเตอร์  ห้อง Sci 0402', '', 1, 3, 2, 1, 81),
(311, '2025-03-19 14:43:49.603', '2025-03-19 14:43:49.603', NULL, '64-11-220000-215-00040-0013', '82900.00', '2025-03-19', '', 'สาขาวิชาวิทยาการคอมพิวเตอร์  ห้อง Sci 0402', '', 1, 3, 2, 1, 82),
(312, '2025-03-19 14:43:50.129', '2025-03-19 14:43:50.129', NULL, '64-11-220000-215-00040-0014', '82900.00', '2025-03-19', '', 'สาขาวิชาวิทยาการคอมพิวเตอร์  ห้อง Sci 0402', '', 1, 3, 2, 1, 82),
(313, '2025-03-19 14:43:50.970', '2025-03-19 14:43:50.970', NULL, '64-11-220000-215-00040-0015', '82900.00', '2025-03-19', '', 'สาขาวิชาวิทยาการคอมพิวเตอร์  ห้อง Sci 0402', '', 1, 3, 2, 1, 82),
(314, '2025-03-19 14:43:51.917', '2025-03-19 14:43:51.917', NULL, '64-11-220000-215-00040-0016', '82900.00', '2025-03-19', '', 'สาขาวิชาวิทยาการคอมพิวเตอร์  ห้อง Sci 0402', '', 1, 3, 2, 1, 82),
(315, '2025-03-19 14:43:52.684', '2025-03-19 14:43:52.684', NULL, '64-11-220000-215-00040-0017', '82900.00', '2025-03-19', '', 'สาขาวิชาวิทยาการคอมพิวเตอร์  ห้อง Sci 0402', '', 1, 3, 2, 1, 82),
(316, '2025-03-19 14:43:54.026', '2025-03-19 14:43:54.026', NULL, '64-11-220000-215-00040-0019', '85000.00', '2025-03-19', '', 'สาขาวิชาวิทยาการคอมพิวเตอร์  ห้อง Sci 0402', '', 1, 3, 1, 1, 83),
(317, '2025-03-19 14:43:55.608', '2025-03-19 14:43:55.608', NULL, '64-11-220000-215-00041-0001', '109000.00', '2025-03-19', '', 'สาขาวิชาวิทยาการคอมพิวเตอร์  ห้อง Sci 0402', '', 1, 3, 2, 1, 84),
(318, '2025-03-19 14:43:56.190', '2025-03-19 14:43:56.190', NULL, '64-11-220000-215-00041-0002', '109000.00', '2025-03-19', '', 'สาขาวิชาวิทยาการคอมพิวเตอร์  ห้อง Sci 0402', '', 1, 3, 2, 1, 84),
(319, '2025-03-19 14:43:58.048', '2025-03-19 14:43:58.048', NULL, '64-11-220000-215-00083-0001', '47900.00', '2025-03-19', '', 'สาขาวิชาวิทยาการคอมพิวเตอร์  ห้อง Sci 0402', '', 1, 3, 2, 1, 85),
(320, '2025-03-19 14:43:59.277', '2025-03-19 14:43:59.277', NULL, '64-11-220000-215-00086-0001', '2500.00', '2025-03-19', '', 'สาขาวิชาวิทยาการคอมพิวเตอร์  ห้อง Sci 0402', '', 1, 3, 2, 1, 86),
(321, '2025-03-19 14:44:00.102', '2025-03-19 14:44:00.102', NULL, '64-11-220000-215-00086-0002', '2500.00', '2025-03-19', '', 'สาขาวิชาวิทยาการคอมพิวเตอร์  ห้อง Sci 0402', '', 1, 3, 2, 1, 86),
(322, '2025-03-19 14:44:01.169', '2025-03-19 14:44:01.169', NULL, '64-11-220000-215-00086-0003', '2300.00', '2025-03-19', 'ครุภัณฑ์ห้องปฏิบัติการพัฒนาแอพลิเคชั่นบนโทรศัพท์เคลื่อนที่', 'สาขาวิชาวิทยาการคอมพิวเตอร์  ห้อง Sci 0402', '', 1, 3, 2, 1, 86),
(323, '2025-03-19 14:44:01.830', '2025-03-19 14:44:01.830', NULL, '64-11-220000-215-00087-0002', '4000.00', '2025-03-19', 'ครุภัณฑ์ห้องปฏิบัติการพัฒนาแอพลิเคชั่นบนโทรศัพท์เคลื่อนที่', 'สาขาวิชาวิทยาการคอมพิวเตอร์  ห้อง Sci 0402', '', 1, 3, 2, 1, 20),
(324, '2025-03-19 14:44:02.586', '2025-03-19 14:44:02.586', NULL, '64-11-220000-215-00087-0003', '4000.00', '2025-03-19', 'ครุภัณฑ์ห้องปฏิบัติการพัฒนาแอพลิเคชั่นบนโทรศัพท์เคลื่อนที่', 'สาขาวิชาวิทยาการคอมพิวเตอร์  ห้อง Sci 0402', '', 1, 3, 2, 1, 20),
(325, '2025-03-19 14:44:05.337', '2025-03-19 14:44:05.337', NULL, '64-11-220000-215-00087-0004', '4000.00', '2025-03-19', 'ครุภัณฑ์ห้องปฏิบัติการพัฒนาแอพลิเคชั่นบนโทรศัพท์เคลื่อนที่', 'สาขาวิชาวิทยาการคอมพิวเตอร์  ห้อง Sci 0402', '', 1, 3, 2, 1, 20),
(326, '2025-03-19 14:44:06.104', '2025-03-19 14:44:06.104', NULL, '64-11-220000-215-00087-0005', '4000.00', '2025-03-19', 'ครุภัณฑ์ห้องปฏิบัติการพัฒนาแอพลิเคชั่นบนโทรศัพท์เคลื่อนที่', 'สาขาวิชาวิทยาการคอมพิวเตอร์  ห้อง Sci 0402', '', 1, 3, 2, 1, 20),
(327, '2025-03-19 14:44:07.191', '2025-03-19 14:44:07.191', NULL, '64-11-220000-215-00087-0006', '4000.00', '2025-03-19', 'ครุภัณฑ์ห้องปฏิบัติการพัฒนาแอพลิเคชั่นบนโทรศัพท์เคลื่อนที่', 'สาขาวิชาวิทยาการคอมพิวเตอร์  ห้อง Sci 0402', '', 1, 3, 2, 1, 20),
(328, '2025-03-19 14:44:07.901', '2025-03-19 14:44:07.901', NULL, '64-11-220000-215-00087-0007', '4000.00', '2025-03-19', 'ครุภัณฑ์ห้องปฏิบัติการพัฒนาแอพลิเคชั่นบนโทรศัพท์เคลื่อนที่', 'สาขาวิชาวิทยาการคอมพิวเตอร์  ห้อง Sci 0402', '', 1, 3, 2, 1, 20),
(329, '2025-03-19 14:44:09.224', '2025-03-19 14:44:09.224', NULL, '64-11-220000-215-00087-0008', '4000.00', '2025-03-19', 'ครุภัณฑ์ห้องปฏิบัติการพัฒนาแอพลิเคชั่นบนโทรศัพท์เคลื่อนที่', 'สาขาวิชาวิทยาการคอมพิวเตอร์  ห้อง Sci 0402', '', 1, 3, 2, 1, 20),
(330, '2025-03-19 14:44:10.014', '2025-03-19 14:44:10.014', NULL, '64-11-220000-215-00087-0009', '4000.00', '2025-03-19', 'ครุภัณฑ์ห้องปฏิบัติการพัฒนาแอพลิเคชั่นบนโทรศัพท์เคลื่อนที่', 'สาขาวิชาวิทยาการคอมพิวเตอร์  ห้อง Sci 0402', '', 1, 3, 2, 1, 20),
(331, '2025-03-19 14:44:10.762', '2025-03-19 14:44:10.762', NULL, '64-11-220000-215-00087-0010', '4000.00', '2025-03-19', 'ครุภัณฑ์ห้องปฏิบัติการพัฒนาแอพลิเคชั่นบนโทรศัพท์เคลื่อนที่', 'สาขาวิชาวิทยาการคอมพิวเตอร์  ห้อง Sci 0402', '', 1, 3, 2, 1, 20),
(332, '2025-03-19 14:44:11.740', '2025-03-19 14:44:11.740', NULL, '64-11-220000-215-00087-0011', '4000.00', '2025-03-19', 'ครุภัณฑ์ห้องปฏิบัติการพัฒนาแอพลิเคชั่นบนโทรศัพท์เคลื่อนที่', 'สาขาวิชาวิทยาการคอมพิวเตอร์  ห้อง Sci 0402', '', 1, 3, 2, 1, 20),
(333, '2025-03-19 14:44:12.518', '2025-03-19 14:44:12.518', NULL, '64-11-220000-215-00087-0012', '4000.00', '2025-03-19', 'ครุภัณฑ์ห้องปฏิบัติการพัฒนาแอพลิเคชั่นบนโทรศัพท์เคลื่อนที่', 'สาขาวิชาวิทยาการคอมพิวเตอร์  ห้อง Sci 0402', '', 1, 3, 2, 1, 20),
(334, '2025-03-19 14:44:13.306', '2025-03-19 14:44:13.306', NULL, '64-11-220000-215-00087-0013', '4000.00', '2025-03-19', 'ครุภัณฑ์ห้องปฏิบัติการพัฒนาแอพลิเคชั่นบนโทรศัพท์เคลื่อนที่', 'สาขาวิชาวิทยาการคอมพิวเตอร์  ห้อง Sci 0402', '', 1, 3, 2, 1, 20),
(335, '2025-03-19 14:44:14.107', '2025-03-19 14:44:14.107', NULL, '64-11-220000-215-00087-0014', '4000.00', '2025-03-19', 'ครุภัณฑ์ห้องปฏิบัติการพัฒนาแอพลิเคชั่นบนโทรศัพท์เคลื่อนที่', 'สาขาวิชาวิทยาการคอมพิวเตอร์  ห้อง Sci 0402', '', 1, 3, 2, 1, 20),
(336, '2025-03-19 14:44:14.914', '2025-03-19 14:44:14.914', NULL, '64-11-220000-215-00087-0015', '4000.00', '2025-03-19', 'ครุภัณฑ์ห้องปฏิบัติการพัฒนาแอพลิเคชั่นบนโทรศัพท์เคลื่อนที่', 'สาขาวิชาวิทยาการคอมพิวเตอร์  ห้อง Sci 0402', '', 1, 3, 2, 1, 20),
(337, '2025-03-19 14:44:16.546', '2025-03-19 14:44:16.546', NULL, '64-11-220000-215-00127-0001', '5700.00', '2025-03-19', 'ครุภัณฑ์ห้องปฏิบัติการพัฒนาแอพลิเคชั่นบนโทรศัพท์เคลื่อนที่', 'สาขาวิชาวิทยาการคอมพิวเตอร์  ห้อง Sci 0402', '', 1, 3, 1, 1, 87),
(338, '2025-03-19 14:44:17.904', '2025-03-19 14:44:17.904', NULL, '64-11-220000-215-00156-0001', '10000.00', '2025-03-19', 'ครุภัณฑ์ห้องปฏิบัติการพัฒนาแอพลิเคชั่นบนโทรศัพท์เคลื่อนที่', 'สาขาวิชาวิทยาการคอมพิวเตอร์  ห้อง Sci 0402', '', 1, 3, 1, 1, 88),
(339, '2025-03-19 14:44:18.468', '2025-03-19 14:44:18.468', NULL, '64-11-220000-215-00156-0002', '20000.00', '2025-03-19', '', 'สาขาวิชาวิทยาการคอมพิวเตอร์  ห้อง Sci 0402', '', 1, 3, 1, 1, 88),
(340, '2025-03-19 14:44:19.226', '2025-03-19 14:44:19.226', NULL, '64-11-220000-215-00182-0001', '793000.00', '2025-03-19', '', 'สาขาวิชาวิทยาการคอมพิวเตอร์  ห้อง Server คณะ', '', 1, 3, 2, 1, 16),
(341, '2025-03-19 14:44:19.963', '2025-03-19 14:44:19.963', NULL, '64-11-220000-215-00182-0002', '350000.00', '2025-03-19', '', 'สาขาวิชาวิทยาการคอมพิวเตอร์  ห้อง Sci 0205', '', 1, 3, 2, 1, 16),
(342, '2025-03-19 14:44:21.338', '2025-03-19 14:44:21.338', NULL, '64-11-220000-215-00185-0001', '32000.00', '2025-03-19', '', 'สาขาวิชาวิทยาการคอมพิวเตอร์  ห้อง Server คณะ', '', 1, 3, 2, 1, 89),
(343, '2025-03-19 14:44:23.230', '2025-03-19 14:44:23.230', NULL, '64-11-220000-215-00185-0002', '4900.00', '2025-03-19', '', 'สาขาวิชาวิทยาการคอมพิวเตอร์  ห้อง Sci 0205', '', 1, 3, 2, 1, 90),
(344, '2025-03-19 14:44:24.260', '2025-03-19 14:44:24.260', NULL, '64-11-220000-215-00185-0003', '4900.00', '2025-03-19', '', 'สาขาวิชาวิทยาการคอมพิวเตอร์  ห้อง Sci 0205', '', 1, 3, 2, 1, 90),
(345, '2025-03-19 14:44:25.925', '2025-03-19 14:44:25.925', NULL, '64-11-220000-215-00185-0004', '4900.00', '2025-03-19', '', 'สาขาวิชาวิทยาการคอมพิวเตอร์  ห้อง Sci 0205', '', 1, 3, 2, 1, 90),
(346, '2025-03-19 14:44:27.610', '2025-03-19 14:44:27.610', NULL, '64-11-220000-215-00185-0005', '5000.00', '2025-03-19', '', 'สาขาวิชาวิทยาการคอมพิวเตอร์  ห้อง Sci 0402', '', 1, 3, 2, 1, 91),
(347, '2025-03-19 14:44:28.202', '2025-03-19 14:44:28.202', NULL, '64-11-220000-215-00185-0006', '5000.00', '2025-03-19', '', 'สาขาวิชาวิทยาการคอมพิวเตอร์  ห้อง Sci 0402', '', 1, 3, 2, 1, 91),
(348, '2025-03-19 14:44:28.972', '2025-03-19 14:44:28.972', NULL, '64-11-220000-215-00185-0007', '5000.00', '2025-03-19', '', 'สาขาวิชาวิทยาการคอมพิวเตอร์  ห้อง Sci 0402', '', 1, 3, 2, 1, 91),
(349, '2025-03-19 14:44:29.902', '2025-03-19 14:44:29.902', NULL, '64-11-220000-215-00185-0008', '5000.00', '2025-03-19', '', 'สาขาวิชาวิทยาการคอมพิวเตอร์  ห้อง Sci 0402', '', 1, 3, 2, 1, 91),
(350, '2025-03-19 14:44:30.980', '2025-03-19 14:44:30.980', NULL, '64-11-220000-215-00185-0009', '5000.00', '2025-03-19', '', 'สาขาวิชาวิทยาการคอมพิวเตอร์  ห้อง Sci 0402', '', 1, 3, 2, 1, 91),
(351, '2025-03-19 14:44:31.845', '2025-03-19 14:44:31.845', NULL, '64-11-220000-215-00185-0010', '5000.00', '2025-03-19', '', 'สาขาวิชาวิทยาการคอมพิวเตอร์  ห้อง Sci 0402', '', 1, 3, 2, 1, 91),
(352, '2025-03-19 14:44:33.040', '2025-03-19 14:44:33.040', NULL, '64-11-220000-215-00185-0011', '4500.00', '2025-03-19', '', 'สาขาวิชาวิทยาการคอมพิวเตอร์  ห้อง Sci 0402', '', 1, 3, 2, 1, 91),
(353, '2025-03-19 14:44:33.558', '2025-03-19 14:44:33.558', NULL, '64-11-220000-215-00185-0012', '4500.00', '2025-03-19', '', 'สาขาวิชาวิทยาการคอมพิวเตอร์  ห้อง Sci 0402', '', 1, 3, 2, 1, 91),
(354, '2025-03-19 14:44:34.611', '2025-03-19 14:44:34.611', NULL, '64-11-220000-215-00185-0013', '4500.00', '2025-03-19', '', 'สาขาวิชาวิทยาการคอมพิวเตอร์  ห้อง Sci 0402', '', 1, 3, 2, 1, 91),
(355, '2025-03-19 14:44:35.388', '2025-03-19 14:44:35.388', NULL, '64-11-220000-215-00185-0014', '4500.00', '2025-03-19', '', 'สาขาวิชาวิทยาการคอมพิวเตอร์  ห้อง Sci 0402', '', 1, 3, 2, 1, 91),
(356, '2025-03-19 14:44:37.007', '2025-03-19 14:44:37.007', NULL, '64-11-220000-215-00233-0001', '69000.00', '2025-03-19', '', 'สาขาวิชาวิทยาการคอมพิวเตอร์  ห้อง Sci 0206', '', 1, 3, 2, 1, 92),
(357, '2025-03-19 14:44:37.614', '2025-03-19 14:44:37.614', NULL, '64-11-220000-215-00233-0002', '69000.00', '2025-03-19', '', 'สาขาวิชาวิทยาการคอมพิวเตอร์  ห้อง Sci 0206', '', 1, 3, 2, 1, 92),
(358, '2025-03-19 14:44:38.564', '2025-03-19 14:44:38.564', NULL, '64-11-220000-215-00233-0003', '69000.00', '2025-03-19', '', 'สาขาวิชาวิทยาการคอมพิวเตอร์  ห้อง Sci 0206', '', 1, 3, 2, 1, 92),
(359, '2025-03-19 14:44:39.356', '2025-03-19 14:44:39.356', NULL, '64-11-220000-215-00233-0004', '69000.00', '2025-03-19', '', 'สาขาวิชาวิทยาการคอมพิวเตอร์  ห้อง Sci 0206', '', 1, 3, 2, 1, 92),
(360, '2025-03-19 14:44:40.169', '2025-03-19 14:44:40.169', NULL, '64-11-220000-215-00233-0005', '69000.00', '2025-03-19', '', 'สาขาวิชาวิทยาการคอมพิวเตอร์  ห้อง Sci 0206', '', 1, 3, 2, 1, 92),
(361, '2025-03-19 14:44:41.891', '2025-03-19 14:44:41.891', NULL, '64-11-220000-215-00233-0006', '75000.00', '2025-03-19', '', 'สาขาวิชาวิทยาการคอมพิวเตอร์  ห้อง Sci 0402', '', 1, 3, 2, 1, 93),
(362, '2025-03-19 14:44:42.688', '2025-03-19 14:44:42.688', NULL, '64-11-220000-215-00233-0007', '75000.00', '2025-03-19', '', 'สาขาวิชาวิทยาการคอมพิวเตอร์  ห้อง Sci 0402', '', 1, 3, 2, 1, 93),
(363, '2025-03-19 14:44:43.643', '2025-03-19 14:44:43.643', NULL, '64-11-220000-215-00233-0008', '75000.00', '2025-03-19', '', 'สาขาวิชาวิทยาการคอมพิวเตอร์  ห้อง Sci 0402', '', 1, 3, 2, 1, 93),
(364, '2025-03-19 14:44:45.736', '2025-03-19 14:44:45.736', NULL, '64-11-220000-215-00233-0009', '29000.00', '2025-03-19', '', 'สาขาวิชาวิทยาการคอมพิวเตอร์  ห้อง Sci 0402', '', 1, 3, 2, 1, 94),
(365, '2025-03-19 14:44:46.511', '2025-03-19 14:44:46.511', NULL, '64-11-220000-215-00233-0010', '29000.00', '2025-03-19', '', 'สาขาวิชาวิทยาการคอมพิวเตอร์  ห้อง Sci 0402', '', 1, 3, 2, 1, 94),
(366, '2025-03-19 14:44:47.434', '2025-03-19 14:44:47.434', NULL, '64-11-220000-215-00233-0011', '29000.00', '2025-03-19', '', 'สาขาวิชาวิทยาการคอมพิวเตอร์  ห้อง Sci 0402', '', 1, 3, 2, 1, 94),
(367, '2025-03-19 14:44:50.198', '2025-03-19 14:44:50.198', NULL, '64-11-220000-215-00233-0012', '27000.00', '2025-03-19', '', 'สาขาวิชาวิทยาการคอมพิวเตอร์  ห้อง Sci 0402', '', 1, 3, 2, 1, 95),
(368, '2025-03-19 14:44:50.912', '2025-03-19 14:44:50.912', NULL, '64-11-220000-215-00233-0013', '27000.00', '2025-03-19', '', 'สาขาวิชาวิทยาการคอมพิวเตอร์  ห้อง Sci 0402', '', 1, 3, 2, 1, 95),
(369, '2025-03-19 14:44:51.988', '2025-03-19 14:44:51.988', NULL, '64-11-220000-215-00233-0014', '27000.00', '2025-03-19', '', 'สาขาวิชาวิทยาการคอมพิวเตอร์  ห้อง Sci 0402', '', 1, 3, 2, 1, 95),
(370, '2025-03-19 14:44:54.000', '2025-03-19 14:44:54.000', NULL, '64-11-220000-215-00235-0001', '150000.00', '2025-03-19', '', 'สาขาวิชาวิทยาการคอมพิวเตอร์  ห้อง Server คณะ', '', 1, 3, 2, 1, 96),
(371, '2025-03-19 14:44:55.561', '2025-03-19 14:44:55.561', NULL, '64-11-220000-215-00236-0001', '22000.00', '2025-03-19', '', 'สาขาวิชาวิทยาการคอมพิวเตอร์  ห้อง Server คณะ', '', 1, 3, 5, 1, 97),
(372, '2025-03-19 14:44:57.084', '2025-03-19 14:44:57.084', NULL, '64-11-220000-215-00240-0001', '49000.00', '2025-03-19', '', 'สาขาวิชาวิทยาการคอมพิวเตอร์  ห้อง Sci 0206', '', 1, 3, 2, 1, 98),
(373, '2025-03-19 14:44:58.667', '2025-03-19 14:44:58.667', NULL, '64-11-220000-215-00241-0001', '8000.00', '2025-03-19', '', 'สาขาวิชาวิทยาการคอมพิวเตอร์  ห้อง Sci 0402', '', 1, 3, 3, 1, 99),
(374, '2025-03-19 14:45:00.236', '2025-03-19 14:45:00.236', NULL, '64-11-220000-215-00243-0001', '55000.00', '2025-03-19', '', 'สาขาวิชาวิทยาการคอมพิวเตอร์  ห้อง Sci 0206', '', 1, 3, 2, 1, 100),
(375, '2025-03-19 14:45:00.819', '2025-03-19 14:45:00.819', NULL, '64-11-220000-215-00243-0002', '55000.00', '2025-03-19', '', 'สาขาวิชาวิทยาการคอมพิวเตอร์  ห้อง Sci 0206', '', 1, 3, 2, 1, 100),
(376, '2025-03-19 14:45:02.247', '2025-03-19 14:45:02.247', NULL, '64-11-220000-215-00250-0001', '69000.00', '2025-03-19', 'ครุภัณฑ์ห้องปฏิบัติการพัฒนาแอพลิเคชั่นบนโทรศัพท์เคลื่อนที่', 'สาขาวิชาวิทยาการคอมพิวเตอร์  ห้อง Sci 0402', '', 1, 3, 2, 1, 101);

-- --------------------------------------------------------

--
-- Table structure for table `equipment_brokens`
--

CREATE TABLE `equipment_brokens` (
  `id` bigint UNSIGNED NOT NULL,
  `created_at` datetime(3) DEFAULT NULL,
  `updated_at` datetime(3) DEFAULT NULL,
  `deleted_at` datetime(3) DEFAULT NULL,
  `date_broken` date DEFAULT NULL,
  `date_end_repair` date DEFAULT NULL,
  `detail` varchar(255) DEFAULT NULL,
  `equipment_id` bigint UNSIGNED DEFAULT NULL,
  `equipment_status_id` bigint UNSIGNED DEFAULT NULL,
  `user_id` bigint UNSIGNED DEFAULT NULL
) ENGINE=InnoDB DEFAULT CHARSET=utf8mb4 COLLATE=utf8mb4_0900_ai_ci;

--
-- Dumping data for table `equipment_brokens`
--

INSERT INTO `equipment_brokens` (`id`, `created_at`, `updated_at`, `deleted_at`, `date_broken`, `date_end_repair`, `detail`, `equipment_id`, `equipment_status_id`, `user_id`) VALUES
(1, '2025-03-19 04:15:50.588', '2025-03-19 04:15:50.588', NULL, '2025-03-19', NULL, 'asdasdasd', 8, 3, 4);

-- --------------------------------------------------------

--
-- Table structure for table `equipment_groups`
--

CREATE TABLE `equipment_groups` (
  `id` bigint UNSIGNED NOT NULL,
  `created_at` datetime(3) DEFAULT NULL,
  `updated_at` datetime(3) DEFAULT NULL,
  `deleted_at` datetime(3) DEFAULT NULL,
  `code` varchar(191) NOT NULL,
  `name` varchar(191) NOT NULL
) ENGINE=InnoDB DEFAULT CHARSET=utf8mb4 COLLATE=utf8mb4_0900_ai_ci;

--
-- Dumping data for table `equipment_groups`
--

INSERT INTO `equipment_groups` (`id`, `created_at`, `updated_at`, `deleted_at`, `code`, `name`) VALUES
(1, '2025-03-15 20:05:18.984', '2025-03-15 20:05:18.984', NULL, '201', 'ครุภัณฑ์สํานักงาน'),
(2, '2025-03-15 20:05:51.488', '2025-03-15 20:05:51.488', NULL, '202', 'ครุภัณฑ์การศึกษา'),
(3, '2025-03-15 20:06:09.690', '2025-03-15 20:06:09.690', NULL, '203', 'ครุภัณฑ์ยานพาหนะและขนส่ง'),
(4, '2025-03-15 20:06:26.695', '2025-03-15 20:06:26.695', NULL, '206', 'ครุภัณฑ์ไฟฟ้าและวิทยุ'),
(5, '2025-03-15 20:06:40.622', '2025-03-15 20:06:40.622', NULL, '207', ' ครุภัณฑ์โฆษณาและเผยแพร่'),
(6, '2025-03-15 20:07:00.760', '2025-03-15 20:07:00.760', NULL, '208', 'ครุภัณฑ์วิทยาศาสตร์และการแพทย์'),
(7, '2025-03-15 20:07:40.817', '2025-03-15 20:07:40.817', NULL, '209', 'ครุภัณฑ์งานบ้านงานครัว');

-- --------------------------------------------------------

--
-- Table structure for table `equipment_names`
--

CREATE TABLE `equipment_names` (
  `id` bigint UNSIGNED NOT NULL,
  `created_at` datetime(3) DEFAULT NULL,
  `updated_at` datetime(3) DEFAULT NULL,
  `deleted_at` datetime(3) DEFAULT NULL,
  `name` varchar(191) NOT NULL
) ENGINE=InnoDB DEFAULT CHARSET=utf8mb4 COLLATE=utf8mb4_0900_ai_ci;

--
-- Dumping data for table `equipment_names`
--

INSERT INTO `equipment_names` (`id`, `created_at`, `updated_at`, `deleted_at`, `name`) VALUES
(1, '2025-03-15 20:08:10.883', '2025-03-15 20:08:10.883', NULL, 'ลิฟท์โดยสาร'),
(2, '2025-03-15 20:08:16.216', '2025-03-15 20:08:16.216', NULL, 'เครื่องปรับอากาศ'),
(3, '2025-03-15 20:08:25.558', '2025-03-15 20:08:25.558', NULL, 'เครื่องพิมพ์คอมพิวเตอร์'),
(4, '2025-03-15 20:08:42.842', '2025-03-15 20:08:42.842', NULL, 'เก้าอี้สํานักงานเบาะหนังมีโช๊คปรับสูง-ตํ่า'),
(5, '2025-03-15 22:42:56.534', '2025-03-15 22:43:05.127', NULL, 'ป้ายชื่อศูนย์วิทยาศาสตร์'),
(6, '2025-03-15 22:45:18.663', '2025-03-15 22:45:18.663', NULL, 'เครื่องชั่งทศนิยม 2 ตําแหน่ง'),
(7, '2025-03-19 14:39:55.987', '2025-03-19 14:39:55.987', NULL, 'คอมพิวเตอร์ตั้งโต๊ะ'),
(8, '2025-03-19 14:39:56.423', '2025-03-19 14:39:56.423', NULL, 'ไมโครโฟนชนิดหนีบเสื้อ'),
(9, '2025-03-19 14:39:57.798', '2025-03-19 14:39:57.798', NULL, 'เครื่องมัลติมีเดียโปรเจคเตอร์'),
(10, '2025-03-19 14:39:58.500', '2025-03-19 14:39:58.500', NULL, 'อุปกรณ์การทดลองเครือข่ายการเรียนรู้'),
(11, '2025-03-19 14:39:58.732', '2025-03-19 14:39:58.732', NULL, 'คอมพิวเตอร์โน๊ตบุ๊ค'),
(12, '2025-03-19 14:39:59.333', '2025-03-19 14:39:59.333', NULL, 'ชั้นวางหนังสือโลหะ 2 ช่วงชั้น'),
(13, '2025-03-19 14:39:59.532', '2025-03-19 14:39:59.532', NULL, 'ชุดอุปกรณ์และซอฟร์แวร์สำหรับการพัฒนาหุ่นยนต์ LEGO Minstorm'),
(14, '2025-03-19 14:40:00.065', '2025-03-19 14:40:00.065', NULL, 'กล้องถ่ายรูป ดิจิตอล'),
(15, '2025-03-19 14:40:00.256', '2025-03-19 14:40:00.256', NULL, 'อุปกรณ์เชื่อมต่อเครือข่าย Cisco Switch'),
(16, '2025-03-19 14:40:00.493', '2025-03-19 14:40:00.493', NULL, 'เครื่องคอมพิวเตอร์แม่ข่าย'),
(17, '2025-03-19 14:40:00.714', '2025-03-19 14:40:00.714', NULL, 'ชุดซอฟต์แวร์บริหารระบบปฏิบัติการเครือข่าย ไมโครซอฟต์ วินโดว์ เชิฟเวอร์ เวอร์ชัน 2013 R2'),
(18, '2025-03-19 14:40:00.855', '2025-03-19 14:40:00.855', NULL, 'เก้าอี้สำนักงาน'),
(19, '2025-03-19 14:40:02.588', '2025-03-19 14:40:02.588', NULL, 'โต๊ะคอมพิวเตอร์'),
(20, '2025-03-19 14:40:04.811', '2025-03-19 14:40:04.811', NULL, 'เครื่องสำรองไฟ  (UPS) 1  KVA (1000 VA)'),
(21, '2025-03-19 14:40:05.088', '2025-03-19 14:40:05.088', NULL, 'เครื่องพิมพ์คอมพิวเตอร์เลเซอร์สีมัลติฟังก์ชั่น'),
(22, '2025-03-19 14:40:05.255', '2025-03-19 14:40:05.255', NULL, 'ห้องปฏิบัติการคอมพิวเตอร์เฉพาะทาง'),
(23, '2025-03-19 14:40:05.512', '2025-03-19 14:40:05.512', NULL, 'ครุภัณฑ์คอมพิวเตอร์แท็ปเล็ต'),
(24, '2025-03-19 14:40:05.699', '2025-03-19 14:40:05.699', NULL, 'คอมพิวเตอร์โน๊ตบุ๊ค HP 14-CK0012TX'),
(25, '2025-03-19 14:40:05.855', '2025-03-19 14:40:05.855', NULL, 'เก้าอี้'),
(26, '2025-03-19 14:40:26.429', '2025-03-19 14:40:26.429', NULL, 'ตู้สำหรับจัดเก็บอุปกรณ์'),
(27, '2025-03-19 14:40:29.876', '2025-03-19 14:40:29.876', NULL, 'โต๊ะเก้าอี้คอมพิวเตอร์'),
(28, '2025-03-19 14:40:53.199', '2025-03-19 14:40:53.199', NULL, 'โต๊ะและเก้าอี้คอมพิวเตอร์'),
(29, '2025-03-19 14:40:59.641', '2025-03-19 14:40:59.641', NULL, 'โต๊ะ'),
(30, '2025-03-19 14:41:03.627', '2025-03-19 14:41:03.627', NULL, 'เครื่องพิมพ์เลเซอร์สี'),
(31, '2025-03-19 14:41:05.280', '2025-03-19 14:41:05.280', NULL, 'เครื่องพิมพ์วัสดุระบบยูวี'),
(32, '2025-03-19 14:41:06.789', '2025-03-19 14:41:06.789', NULL, 'กระดาน InteRactive Gygar'),
(33, '2025-03-19 14:41:08.088', '2025-03-19 14:41:08.088', NULL, 'ตู้เก็บอุปกรณ์'),
(34, '2025-03-19 14:41:16.522', '2025-03-19 14:41:16.522', NULL, 'เครื่องโทรศัพท์แบบพกพาระบบปฏิบัติการ IOS'),
(35, '2025-03-19 14:41:18.747', '2025-03-19 14:41:18.747', NULL, 'เครื่องโทรศัพท์แบบพกพาระบบปฏิบัติการ AndoRid'),
(36, '2025-03-19 14:41:20.726', '2025-03-19 14:41:20.726', NULL, 'กล้อง Action CameR'),
(37, '2025-03-19 14:41:22.100', '2025-03-19 14:41:22.100', NULL, 'กล้อง Action CameR 360 องศา'),
(38, '2025-03-19 14:41:23.851', '2025-03-19 14:41:23.851', NULL, 'กล้องระบบ Wifi EZVIZ C6TC'),
(39, '2025-03-19 14:41:27.335', '2025-03-19 14:41:27.335', NULL, 'ชุดกล้องดิจิตอลสำหรับถ่ายวีดีโอ'),
(40, '2025-03-19 14:41:29.027', '2025-03-19 14:41:29.027', NULL, 'เครื่องสแกนชนิดถ่ายภาพจากด้านบนลงสู่พื้น'),
(41, '2025-03-19 14:41:30.436', '2025-03-19 14:41:30.436', NULL, 'ชุดเครื่องรีดร้อน'),
(42, '2025-03-19 14:41:32.244', '2025-03-19 14:41:32.244', NULL, 'ชุดโดรนบังคับติดกล้อง'),
(43, '2025-03-19 14:41:33.686', '2025-03-19 14:41:33.686', NULL, 'เครื่องตัดสติกเกอร์ ทั่วไป'),
(44, '2025-03-19 14:41:35.778', '2025-03-19 14:41:35.778', NULL, 'เครื่องคอมพิวเตอร์คุณภาพสูงสำหรับประมวลผลงานกราฟฟิก'),
(45, '2025-03-19 14:41:49.749', '2025-03-19 14:41:49.749', NULL, 'ครุภัณฑ์เครื่องพิมพ์วัตถุ 3 มิติ Printer xyz'),
(46, '2025-03-19 14:41:51.517', '2025-03-19 14:41:51.517', NULL, 'เครื่องพิมพ์วัตถุ 3 มิติ'),
(47, '2025-03-19 14:41:53.030', '2025-03-19 14:41:53.030', NULL, 'ชุดส่งเสริมการเรียนรู้และพัฒนาทักษะทางการศึกษาตามรูปแบบ STEAM ผ่านอุปกรณ์หุ่นยนต์'),
(48, '2025-03-19 14:42:00.818', '2025-03-19 14:42:00.818', NULL, 'ชุดปฏิบัติการออกแบบและเขียนโปรแกรมควบคุมหุ่นยนต์อัตโนมัติพร้อมระบบวิชั่น'),
(49, '2025-03-19 14:42:13.639', '2025-03-19 14:42:13.639', NULL, 'อุปกรณ์ออกแบบและเขียนโปรแกรมควบคุมระบบอัตโนมัติพื้นฐาน'),
(50, '2025-03-19 14:42:21.580', '2025-03-19 14:42:21.580', NULL, 'แขนกลอัตโนมัติ'),
(51, '2025-03-19 14:42:24.168', '2025-03-19 14:42:24.168', NULL, 'ชุดชิ้นส่วนอุปกรณ์สำหรับออกแบบกลไลเพิ่มเติม'),
(52, '2025-03-19 14:42:31.764', '2025-03-19 14:42:31.764', NULL, 'ชุดฝึกการออกแบบและเขียนโปรแกรม SCRATCH'),
(53, '2025-03-19 14:42:35.915', '2025-03-19 14:42:35.915', NULL, 'ชุดหุ่นยนต์ควบคุมผ่านมือถือ'),
(54, '2025-03-19 14:42:40.273', '2025-03-19 14:42:40.273', NULL, 'ชุดหุ่นยนต์หลบหลีกสิ่งกีดขวาง'),
(55, '2025-03-19 14:42:44.665', '2025-03-19 14:42:44.665', NULL, 'ชุดกล้องตรวจจับอุณหภูมิ'),
(56, '2025-03-19 14:42:46.009', '2025-03-19 14:42:46.009', NULL, 'โทรทัศน์สี ขนาด 43 นิ้ว'),
(57, '2025-03-19 14:42:50.439', '2025-03-19 14:42:50.439', NULL, 'โทรทัศน์สี ขนาด 65 นิ้ว'),
(58, '2025-03-19 14:42:51.698', '2025-03-19 14:42:51.698', NULL, 'โทรทัศน์สี (สมาร์ททีวี) ขนาด 65 นิ้ว'),
(59, '2025-03-19 14:42:52.968', '2025-03-19 14:42:52.968', NULL, 'อุปกรณ์บันทึกภาพผ่านเครือข่าย NVR'),
(60, '2025-03-19 14:42:54.575', '2025-03-19 14:42:54.575', NULL, 'กล้องวงจรปิด แบบ IP'),
(61, '2025-03-19 14:42:58.857', '2025-03-19 14:42:58.857', NULL, 'กล้องวงจรปิด'),
(62, '2025-03-19 14:43:00.065', '2025-03-19 14:43:00.065', NULL, 'กล้องวงจรปิดไร้สาย'),
(63, '2025-03-19 14:43:04.117', '2025-03-19 14:43:04.117', NULL, 'จอแสดงผลภาพแบบทัชสกรีน'),
(64, '2025-03-19 14:43:07.593', '2025-03-19 14:43:07.593', NULL, 'เครื่องรับสัญญาณภาพดิจิทัล ขนาด 32 นิ้ว'),
(65, '2025-03-19 14:43:08.863', '2025-03-19 14:43:08.863', NULL, 'เครื่องรับสัญญาณภาพดิจิทัล ขนาด 65 นิ้ว'),
(66, '2025-03-19 14:43:10.248', '2025-03-19 14:43:10.248', NULL, 'กล้อง Robot AI อัจฉริยะ'),
(67, '2025-03-19 14:43:14.898', '2025-03-19 14:43:14.898', NULL, 'ชุดผลิตสื่อการเรียนการสอน'),
(68, '2025-03-19 14:43:16.474', '2025-03-19 14:43:16.474', NULL, 'ชุดกล้องวงจรปิดแบบ IP'),
(69, '2025-03-19 14:43:17.699', '2025-03-19 14:43:17.699', NULL, 'ชุดกล้องวงจรปิดตรวจสอบใบหน้า'),
(70, '2025-03-19 14:43:19.084', '2025-03-19 14:43:19.084', NULL, 'ชุดทดลองปลูกพืชระบบสมาร์ทฟาร์ม'),
(71, '2025-03-19 14:43:22.284', '2025-03-19 14:43:22.284', NULL, 'ชุดสถานีพยากรณ์อากาศระบบสมาร์ทฟาร์ม'),
(72, '2025-03-19 14:43:23.716', '2025-03-19 14:43:23.716', NULL, 'ชุดแหล่งจ่ายไฟฟ้าพลังงานแสงอาทิตย์'),
(73, '2025-03-19 14:43:25.713', '2025-03-19 14:43:25.713', NULL, 'ระบบส่องสว่างภายในและภายนอกโรงเรือนสมาร์ทฟาร์ม'),
(74, '2025-03-19 14:43:27.230', '2025-03-19 14:43:27.230', NULL, 'ชุดปรับความเข้มของแสงในโรงเรือนอัตโนมัติ'),
(75, '2025-03-19 14:43:28.720', '2025-03-19 14:43:28.720', NULL, 'ชุดสาธิตการดูแลระบบการให้น้ำสำหรับการเพาะกล้า'),
(76, '2025-03-19 14:43:30.512', '2025-03-19 14:43:30.512', NULL, 'ชุดส่งเสริมการถ่ายทอดเทคโนโลยีการเกษตร'),
(77, '2025-03-19 14:43:32.158', '2025-03-19 14:43:32.158', NULL, 'ชุดฝึกการหยอดเมล็ดพันธุ์พืช'),
(78, '2025-03-19 14:43:35.235', '2025-03-19 14:43:35.235', NULL, 'คอมพิวเตอร์โน๊ตบุ๊คสำหรับงานประมวลผล'),
(79, '2025-03-19 14:43:38.177', '2025-03-19 14:43:38.177', NULL, 'คอมพิวเตอร์โน๊ตบุ๊คสำหรับพัฒนาโปรแกรม'),
(80, '2025-03-19 14:43:41.349', '2025-03-19 14:43:41.349', NULL, 'เครื่องคอมพิวเตอร์'),
(81, '2025-03-19 14:43:44.274', '2025-03-19 14:43:44.274', NULL, 'เครื่องคอมพิวเตอร์สำหรับงานประมวลผล'),
(82, '2025-03-19 14:43:48.832', '2025-03-19 14:43:48.832', NULL, 'เครื่องคอมพิวเตอร์คุณภาพสูงสำหรับประมวลผล'),
(83, '2025-03-19 14:43:53.262', '2025-03-19 14:43:53.262', NULL, 'เครื่องคอมพิวเตอร์สำหรับงานประมวลผลกราฟิก'),
(84, '2025-03-19 14:43:54.650', '2025-03-19 14:43:54.650', NULL, 'เครื่องคอมพิวเตอร์ประมวลผลระดับสูง'),
(85, '2025-03-19 14:43:57.013', '2025-03-19 14:43:57.013', NULL, 'เครื่องสแกนเนอร์วัตถุ 3 มิติ'),
(86, '2025-03-19 14:43:58.652', '2025-03-19 14:43:58.652', NULL, 'เครื่องสำรองไฟ  (UPS)  ขนาด  800  VA'),
(87, '2025-03-19 14:44:15.953', '2025-03-19 14:44:15.953', NULL, 'อุปกรณ์กระจายสัญญาณไร้สาย'),
(88, '2025-03-19 14:44:17.329', '2025-03-19 14:44:17.329', NULL, 'อุปกรณ์กระจายสัญญาณ (switch)'),
(89, '2025-03-19 14:44:20.730', '2025-03-19 14:44:20.730', NULL, 'เครื่องสำรองไฟ ขนาด 3KVA'),
(90, '2025-03-19 14:44:22.421', '2025-03-19 14:44:22.421', NULL, 'เครื่องสำรองไฟ'),
(91, '2025-03-19 14:44:26.716', '2025-03-19 14:44:26.716', NULL, 'เครื่องสำรองไฟ ขนาด 1000VA'),
(92, '2025-03-19 14:44:36.166', '2025-03-19 14:44:36.166', NULL, 'คอมพิวเตอร์แท็ปแล็ต'),
(93, '2025-03-19 14:44:41.124', '2025-03-19 14:44:41.124', NULL, 'คอมพิวเตอร์แท็ปแล็ตระบบปฏิบัติการ Windows Microsoft Surface Pro 7+'),
(94, '2025-03-19 14:44:44.824', '2025-03-19 14:44:44.824', NULL, 'คอมพิวเตอร์แท็ปแล็ตระบบปฏิบัติการ IOS iPad'),
(95, '2025-03-19 14:44:49.176', '2025-03-19 14:44:49.176', NULL, 'คอมพิวเตอร์แท็ปแล็ตระบบปฏิบัติการ AndRoid Samsung Tab S7'),
(96, '2025-03-19 14:44:52.982', '2025-03-19 14:44:52.982', NULL, 'เครื่องสำรองข้อมูล NAS StoRage QNAP'),
(97, '2025-03-19 14:44:54.821', '2025-03-19 14:44:54.821', NULL, 'ตู้สำหรับจัดเก็บอุปกรณ์ ขนาด 42U'),
(98, '2025-03-19 14:44:56.306', '2025-03-19 14:44:56.306', NULL, 'เครื่องสแกนวัตถุ 3 มิติ'),
(99, '2025-03-19 14:44:57.883', '2025-03-19 14:44:57.883', NULL, 'อุปกรณ์กระจายสัญญาณ Access Point แบบที่ 2'),
(100, '2025-03-19 14:44:59.480', '2025-03-19 14:44:59.480', NULL, 'เครื่องพิมพ์ 3 มิติ สำหรับสร้างชิ้นงาน'),
(101, '2025-03-19 14:45:01.293', '2025-03-19 14:45:01.293', NULL, 'เครื่องสำรองและจัดเก็บข้อมูลแบบภายนอก');

-- --------------------------------------------------------

--
-- Table structure for table `equipment_statuses`
--

CREATE TABLE `equipment_statuses` (
  `id` bigint UNSIGNED NOT NULL,
  `created_at` datetime(3) DEFAULT NULL,
  `updated_at` datetime(3) DEFAULT NULL,
  `deleted_at` datetime(3) DEFAULT NULL,
  `name` varchar(191) NOT NULL
) ENGINE=InnoDB DEFAULT CHARSET=utf8mb4 COLLATE=utf8mb4_0900_ai_ci;

--
-- Dumping data for table `equipment_statuses`
--

INSERT INTO `equipment_statuses` (`id`, `created_at`, `updated_at`, `deleted_at`, `name`) VALUES
(1, '2025-03-16 05:40:54.000', '2025-03-16 05:41:16.000', NULL, 'ว่าง'),
(2, '2025-03-16 05:40:59.000', '2025-03-16 05:41:18.000', NULL, 'ไม่ว่าง'),
(3, '2025-03-16 05:41:02.000', '2025-03-16 05:41:22.000', NULL, 'ชำรุด'),
(4, '2025-03-16 05:41:05.000', '2025-03-16 05:41:20.000', NULL, 'สูญหาย'),
(5, '2025-03-16 05:41:07.000', '2025-03-16 05:41:25.000', NULL, 'ซ่อมแซ่มสำเร็จ'),
(6, '2025-03-16 05:41:10.000', '2025-03-16 05:41:27.000', NULL, 'ไม่สามารถใช้งานได้'),
(7, '2025-03-16 05:41:12.000', '2025-03-16 05:41:23.000', NULL, 'รอดำเนินการการยืม'),
(8, '2025-03-16 05:41:14.000', '2025-03-16 05:41:29.000', NULL, 'รอดำเนินการการคืน');

-- --------------------------------------------------------

--
-- Table structure for table `position_branches`
--

CREATE TABLE `position_branches` (
  `id` bigint UNSIGNED NOT NULL,
  `created_at` datetime(3) DEFAULT NULL,
  `updated_at` datetime(3) DEFAULT NULL,
  `deleted_at` datetime(3) DEFAULT NULL,
  `name` varchar(191) NOT NULL
) ENGINE=InnoDB DEFAULT CHARSET=utf8mb4 COLLATE=utf8mb4_0900_ai_ci;

--
-- Dumping data for table `position_branches`
--

INSERT INTO `position_branches` (`id`, `created_at`, `updated_at`, `deleted_at`, `name`) VALUES
(1, '2025-03-14 16:01:59.419', '2025-03-14 16:01:59.419', NULL, 'แอดมิน'),
(2, '2025-03-14 16:05:18.011', '2025-03-14 16:05:18.011', NULL, 'ประธานหลักสูตร'),
(3, '2025-03-15 19:42:53.174', '2025-03-15 19:42:53.174', NULL, 'อาจารย์ประจำสาขา');

-- --------------------------------------------------------

--
-- Table structure for table `position_facs`
--

CREATE TABLE `position_facs` (
  `id` bigint UNSIGNED NOT NULL,
  `created_at` datetime(3) DEFAULT NULL,
  `updated_at` datetime(3) DEFAULT NULL,
  `deleted_at` datetime(3) DEFAULT NULL,
  `name` varchar(191) NOT NULL
) ENGINE=InnoDB DEFAULT CHARSET=utf8mb4 COLLATE=utf8mb4_0900_ai_ci;

--
-- Dumping data for table `position_facs`
--

INSERT INTO `position_facs` (`id`, `created_at`, `updated_at`, `deleted_at`, `name`) VALUES
(1, '2025-03-14 16:02:53.204', '2025-03-14 16:02:53.204', NULL, 'แอดมิน'),
(2, '2025-03-14 16:04:01.803', '2025-03-15 20:00:37.515', NULL, 'คณบดี'),
(3, '2025-03-14 16:04:08.147', '2025-03-14 16:04:08.147', NULL, 'รองแผน'),
(4, '2025-03-15 19:31:18.527', '2025-03-15 19:31:18.527', NULL, 'พนักงานประจำ');

-- --------------------------------------------------------

--
-- Table structure for table `set_times`
--

CREATE TABLE `set_times` (
  `id` bigint UNSIGNED NOT NULL,
  `created_at` datetime(3) DEFAULT NULL,
  `updated_at` datetime(3) DEFAULT NULL,
  `deleted_at` datetime(3) DEFAULT NULL,
  `date_start` date NOT NULL,
  `date_stop` date NOT NULL,
  `time_start` varchar(10) NOT NULL,
  `time_stop` varchar(10) NOT NULL,
  `note` varchar(255) NOT NULL,
  `user_id` bigint UNSIGNED NOT NULL
) ENGINE=InnoDB DEFAULT CHARSET=utf8mb4 COLLATE=utf8mb4_0900_ai_ci;

-- --------------------------------------------------------

--
-- Table structure for table `signatures`
--

CREATE TABLE `signatures` (
  `id` bigint UNSIGNED NOT NULL,
  `created_at` datetime(3) DEFAULT NULL,
  `updated_at` datetime(3) DEFAULT NULL,
  `deleted_at` datetime(3) DEFAULT NULL,
  `user_id` bigint UNSIGNED NOT NULL,
  `image_path` longtext NOT NULL,
  `image_name` longtext NOT NULL
) ENGINE=InnoDB DEFAULT CHARSET=utf8mb4 COLLATE=utf8mb4_0900_ai_ci;

--
-- Dumping data for table `signatures`
--

INSERT INTO `signatures` (`id`, `created_at`, `updated_at`, `deleted_at`, `user_id`, `image_path`, `image_name`) VALUES
(1, '2025-03-19 04:05:38.762', '2025-03-19 04:05:38.762', NULL, 2, '755_38_5_4_19_3_2025', 'signature_755_38_5_4_19_3_2025.png');

-- --------------------------------------------------------

--
-- Table structure for table `units`
--

CREATE TABLE `units` (
  `id` bigint UNSIGNED NOT NULL,
  `created_at` datetime(3) DEFAULT NULL,
  `updated_at` datetime(3) DEFAULT NULL,
  `deleted_at` datetime(3) DEFAULT NULL,
  `name` varchar(191) NOT NULL
) ENGINE=InnoDB DEFAULT CHARSET=utf8mb4 COLLATE=utf8mb4_0900_ai_ci;

--
-- Dumping data for table `units`
--

INSERT INTO `units` (`id`, `created_at`, `updated_at`, `deleted_at`, `name`) VALUES
(1, '2025-03-15 20:11:23.658', '2025-03-15 20:11:23.658', NULL, 'ชุด'),
(2, '2025-03-15 20:11:27.890', '2025-03-15 20:11:27.890', NULL, 'เครื่อง'),
(3, '2025-03-15 20:11:34.021', '2025-03-15 20:11:34.021', NULL, 'ตัว'),
(4, '2025-03-19 14:40:05.354', '2025-03-19 14:40:05.354', NULL, 'ห้อง'),
(5, '2025-03-19 14:40:27.114', '2025-03-19 14:40:27.114', NULL, 'ตู้'),
(6, '2025-03-19 14:42:22.150', '2025-03-19 14:42:22.150', NULL, 'ระบบ'),
(7, '2025-03-19 14:43:04.788', '2025-03-19 14:43:04.788', NULL, 'จอ');

-- --------------------------------------------------------

--
-- Table structure for table `users`
--

CREATE TABLE `users` (
  `id` bigint UNSIGNED NOT NULL,
  `created_at` datetime(3) DEFAULT NULL,
  `updated_at` datetime(3) DEFAULT NULL,
  `deleted_at` datetime(3) DEFAULT NULL,
  `name` varchar(255) NOT NULL,
  `username` varchar(191) NOT NULL,
  `password` varchar(255) NOT NULL,
  `position_fac_id` bigint UNSIGNED DEFAULT NULL,
  `position_branch_id` bigint UNSIGNED DEFAULT NULL,
  `branch_id` bigint UNSIGNED DEFAULT NULL
) ENGINE=InnoDB DEFAULT CHARSET=utf8mb4 COLLATE=utf8mb4_0900_ai_ci;

--
-- Dumping data for table `users`
--

INSERT INTO `users` (`id`, `created_at`, `updated_at`, `deleted_at`, `name`, `username`, `password`, `position_fac_id`, `position_branch_id`, `branch_id`) VALUES
(1, '2025-03-14 16:10:50.982', '2025-03-14 16:10:50.982', NULL, 'admin', 'admin', '$2a$10$InIgOzyOGULpJs7yQRl1nenQJtx6hlA5X3Id9a0A2AAq3Qf8UeF6q', 1, 1, 1),
(2, '2025-03-15 19:55:17.556', '2025-03-15 19:55:17.556', NULL, 'อาจารย์สมคิด ศิลป์วิทยารักษ์', 'somkit', '$2a$10$S9iJNnDKx3h8JAty3FaFn.5ogM3ed2RpGJHKtsE9oYtNncGQXelIW', 3, 2, 2),
(3, '2025-03-15 20:00:02.289', '2025-03-19 15:14:38.935', NULL, 'คณบดี', 'dean', '$2a$10$leotMgZfhj8TSx2pOM33u.ZddyDojOim9hGYAW9XEA/4vWFm56rBO', 2, 1, 1),
(4, '2025-03-19 04:04:38.525', '2025-03-19 04:04:38.525', '2025-03-19 15:11:25.337', 'aaaaa', 'donut', '$2a$10$hzRRipZd5ZoU0kDOdys1u./ItSzKtaNXoUhbxWgHkEdOOzRhgYfq6', 4, 3, 2),
(5, '2025-03-19 15:12:11.219', '2025-03-19 15:12:11.219', NULL, 'ผู้ช่วยศาสตราจารย์ ดร.ดลลักษณ์ พงษ์พานิช', 'dolluk', '$2a$10$SJSkaWFiZrCfmXwO4G46yOXBj42tRQUJUiC9BfiQuPInBzkE3EfIq', 4, 3, 2),
(6, '2025-03-19 15:12:59.804', '2025-03-19 15:12:59.804', NULL, 'ผู้ช่วยศาสตราจารย์กาญจนา เผือกคง', 'kanjana', '$2a$10$HOG5VaRm08JXTmxVRLUoouws9O87mU8n9VT6StwvFfb/JNqYQasNq', 4, 3, 2),
(7, '2025-03-19 15:13:40.890', '2025-03-19 15:13:40.890', NULL, 'ดร.อมรทิพย์ ประยูรวงค์', 'amornthip', '$2a$10$AE9IQHYgL6FKbaySBGEkyOaRde.USe.pKjIPEQywPtvr//HGyNaY.', 4, 3, 2),
(8, '2025-03-19 15:14:25.197', '2025-03-19 15:14:25.197', NULL, 'ผู้ช่วยศาสตราจารย์ศิรวัฒน์ เฮงชัยโย ', 'sirawat', '$2a$10$HDqQyAoMbC7vexu9S7pVQeiX5/StK6Qrng8JsTLb2Tut65lbjcije', 4, 3, 2),
(9, '2025-03-19 15:38:32.212', '2025-03-19 15:38:32.212', NULL, 'ผู้ทดลองใช้งาน', 'user', '$2a$10$VKE7Wv0cN5NUGI8v.j6n3OJFkKQIr3e7Widn0x9Mi4vfvHxrVyh3i', 4, 3, 2);

--
-- Indexes for dumped tables
--

--
-- Indexes for table `approval_statuses`
--
ALTER TABLE `approval_statuses`
  ADD PRIMARY KEY (`id`),
  ADD UNIQUE KEY `uni_approval_statuses_name` (`name`),
  ADD KEY `idx_approval_statuses_deleted_at` (`deleted_at`);

--
-- Indexes for table `borrow_lists`
--
ALTER TABLE `borrow_lists`
  ADD PRIMARY KEY (`id`),
  ADD KEY `idx_borrow_lists_deleted_at` (`deleted_at`),
  ADD KEY `fk_borrow_lists_approval_status_return` (`approval_status_return_id`),
  ADD KEY `fk_borrow_lists_user` (`user_id`),
  ADD KEY `fk_borrow_lists_approval_status_borrow` (`approval_status_borrow_id`);

--
-- Indexes for table `borrow_list_details`
--
ALTER TABLE `borrow_list_details`
  ADD PRIMARY KEY (`id`),
  ADD KEY `idx_borrow_list_details_deleted_at` (`deleted_at`),
  ADD KEY `fk_borrow_list_details_borrow_list` (`borrow_list_id`),
  ADD KEY `fk_borrow_list_details_equipment` (`equipment_id`);

--
-- Indexes for table `branches`
--
ALTER TABLE `branches`
  ADD PRIMARY KEY (`id`),
  ADD UNIQUE KEY `uni_branches_name` (`name`),
  ADD KEY `idx_branches_deleted_at` (`deleted_at`);

--
-- Indexes for table `budget_sources`
--
ALTER TABLE `budget_sources`
  ADD PRIMARY KEY (`id`),
  ADD UNIQUE KEY `uni_budget_sources_name` (`name`),
  ADD KEY `idx_budget_sources_deleted_at` (`deleted_at`);

--
-- Indexes for table `equipment`
--
ALTER TABLE `equipment`
  ADD PRIMARY KEY (`id`),
  ADD UNIQUE KEY `uni_equipment_code` (`code`),
  ADD KEY `idx_equipment_deleted_at` (`deleted_at`),
  ADD KEY `fk_equipment_equipment_status` (`equipment_status_id`),
  ADD KEY `fk_equipment_budget_source` (`budget_source_id`),
  ADD KEY `fk_equipment_unit` (`unit_id`),
  ADD KEY `fk_equipment_equipment_group` (`equipment_group_id`),
  ADD KEY `fk_equipment_equipment_name` (`equipment_name_id`);

--
-- Indexes for table `equipment_brokens`
--
ALTER TABLE `equipment_brokens`
  ADD PRIMARY KEY (`id`),
  ADD KEY `idx_equipment_brokens_deleted_at` (`deleted_at`),
  ADD KEY `fk_equipment_brokens_equipment` (`equipment_id`),
  ADD KEY `fk_equipment_brokens_equipment_status` (`equipment_status_id`),
  ADD KEY `fk_equipment_brokens_user` (`user_id`);

--
-- Indexes for table `equipment_groups`
--
ALTER TABLE `equipment_groups`
  ADD PRIMARY KEY (`id`),
  ADD UNIQUE KEY `uni_equipment_groups_name` (`name`),
  ADD UNIQUE KEY `uni_equipment_groups_code` (`code`),
  ADD KEY `idx_equipment_groups_deleted_at` (`deleted_at`);

--
-- Indexes for table `equipment_names`
--
ALTER TABLE `equipment_names`
  ADD PRIMARY KEY (`id`),
  ADD UNIQUE KEY `uni_equipment_names_name` (`name`),
  ADD KEY `idx_equipment_names_deleted_at` (`deleted_at`);

--
-- Indexes for table `equipment_statuses`
--
ALTER TABLE `equipment_statuses`
  ADD PRIMARY KEY (`id`),
  ADD UNIQUE KEY `uni_equipment_statuses_name` (`name`),
  ADD KEY `idx_equipment_statuses_deleted_at` (`deleted_at`);

--
-- Indexes for table `position_branches`
--
ALTER TABLE `position_branches`
  ADD PRIMARY KEY (`id`),
  ADD UNIQUE KEY `uni_position_branches_name` (`name`),
  ADD KEY `idx_position_branches_deleted_at` (`deleted_at`);

--
-- Indexes for table `position_facs`
--
ALTER TABLE `position_facs`
  ADD PRIMARY KEY (`id`),
  ADD UNIQUE KEY `uni_position_facs_name` (`name`),
  ADD KEY `idx_position_facs_deleted_at` (`deleted_at`);

--
-- Indexes for table `set_times`
--
ALTER TABLE `set_times`
  ADD PRIMARY KEY (`id`),
  ADD KEY `idx_set_times_deleted_at` (`deleted_at`),
  ADD KEY `fk_set_times_user` (`user_id`);

--
-- Indexes for table `signatures`
--
ALTER TABLE `signatures`
  ADD PRIMARY KEY (`id`),
  ADD KEY `idx_signatures_deleted_at` (`deleted_at`),
  ADD KEY `fk_signatures_user` (`user_id`);

--
-- Indexes for table `units`
--
ALTER TABLE `units`
  ADD PRIMARY KEY (`id`),
  ADD UNIQUE KEY `uni_units_name` (`name`),
  ADD KEY `idx_units_deleted_at` (`deleted_at`);

--
-- Indexes for table `users`
--
ALTER TABLE `users`
  ADD PRIMARY KEY (`id`),
  ADD UNIQUE KEY `uni_users_username` (`username`),
  ADD KEY `idx_users_deleted_at` (`deleted_at`),
  ADD KEY `fk_users_position_fac` (`position_fac_id`),
  ADD KEY `fk_users_position_branch` (`position_branch_id`),
  ADD KEY `fk_users_branch` (`branch_id`);

--
-- AUTO_INCREMENT for dumped tables
--

--
-- AUTO_INCREMENT for table `approval_statuses`
--
ALTER TABLE `approval_statuses`
  MODIFY `id` bigint UNSIGNED NOT NULL AUTO_INCREMENT, AUTO_INCREMENT=4;

--
-- AUTO_INCREMENT for table `borrow_lists`
--
ALTER TABLE `borrow_lists`
  MODIFY `id` bigint UNSIGNED NOT NULL AUTO_INCREMENT, AUTO_INCREMENT=3;

--
-- AUTO_INCREMENT for table `borrow_list_details`
--
ALTER TABLE `borrow_list_details`
  MODIFY `id` bigint UNSIGNED NOT NULL AUTO_INCREMENT, AUTO_INCREMENT=4;

--
-- AUTO_INCREMENT for table `branches`
--
ALTER TABLE `branches`
  MODIFY `id` bigint UNSIGNED NOT NULL AUTO_INCREMENT, AUTO_INCREMENT=3;

--
-- AUTO_INCREMENT for table `budget_sources`
--
ALTER TABLE `budget_sources`
  MODIFY `id` bigint UNSIGNED NOT NULL AUTO_INCREMENT, AUTO_INCREMENT=5;

--
-- AUTO_INCREMENT for table `equipment`
--
ALTER TABLE `equipment`
  MODIFY `id` bigint UNSIGNED NOT NULL AUTO_INCREMENT, AUTO_INCREMENT=377;

--
-- AUTO_INCREMENT for table `equipment_brokens`
--
ALTER TABLE `equipment_brokens`
  MODIFY `id` bigint UNSIGNED NOT NULL AUTO_INCREMENT, AUTO_INCREMENT=2;

--
-- AUTO_INCREMENT for table `equipment_groups`
--
ALTER TABLE `equipment_groups`
  MODIFY `id` bigint UNSIGNED NOT NULL AUTO_INCREMENT, AUTO_INCREMENT=8;

--
-- AUTO_INCREMENT for table `equipment_names`
--
ALTER TABLE `equipment_names`
  MODIFY `id` bigint UNSIGNED NOT NULL AUTO_INCREMENT, AUTO_INCREMENT=102;

--
-- AUTO_INCREMENT for table `equipment_statuses`
--
ALTER TABLE `equipment_statuses`
  MODIFY `id` bigint UNSIGNED NOT NULL AUTO_INCREMENT, AUTO_INCREMENT=9;

--
-- AUTO_INCREMENT for table `position_branches`
--
ALTER TABLE `position_branches`
  MODIFY `id` bigint UNSIGNED NOT NULL AUTO_INCREMENT, AUTO_INCREMENT=4;

--
-- AUTO_INCREMENT for table `position_facs`
--
ALTER TABLE `position_facs`
  MODIFY `id` bigint UNSIGNED NOT NULL AUTO_INCREMENT, AUTO_INCREMENT=5;

--
-- AUTO_INCREMENT for table `set_times`
--
ALTER TABLE `set_times`
  MODIFY `id` bigint UNSIGNED NOT NULL AUTO_INCREMENT;

--
-- AUTO_INCREMENT for table `signatures`
--
ALTER TABLE `signatures`
  MODIFY `id` bigint UNSIGNED NOT NULL AUTO_INCREMENT, AUTO_INCREMENT=2;

--
-- AUTO_INCREMENT for table `units`
--
ALTER TABLE `units`
  MODIFY `id` bigint UNSIGNED NOT NULL AUTO_INCREMENT, AUTO_INCREMENT=8;

--
-- AUTO_INCREMENT for table `users`
--
ALTER TABLE `users`
  MODIFY `id` bigint UNSIGNED NOT NULL AUTO_INCREMENT, AUTO_INCREMENT=10;

--
-- Constraints for dumped tables
--

--
-- Constraints for table `borrow_lists`
--
ALTER TABLE `borrow_lists`
  ADD CONSTRAINT `fk_borrow_lists_approval_status_borrow` FOREIGN KEY (`approval_status_borrow_id`) REFERENCES `approval_statuses` (`id`),
  ADD CONSTRAINT `fk_borrow_lists_approval_status_return` FOREIGN KEY (`approval_status_return_id`) REFERENCES `approval_statuses` (`id`),
  ADD CONSTRAINT `fk_borrow_lists_user` FOREIGN KEY (`user_id`) REFERENCES `users` (`id`);

--
-- Constraints for table `borrow_list_details`
--
ALTER TABLE `borrow_list_details`
  ADD CONSTRAINT `fk_borrow_list_details_borrow_list` FOREIGN KEY (`borrow_list_id`) REFERENCES `borrow_lists` (`id`),
  ADD CONSTRAINT `fk_borrow_list_details_equipment` FOREIGN KEY (`equipment_id`) REFERENCES `equipment` (`id`);

--
-- Constraints for table `equipment`
--
ALTER TABLE `equipment`
  ADD CONSTRAINT `fk_equipment_budget_source` FOREIGN KEY (`budget_source_id`) REFERENCES `budget_sources` (`id`),
  ADD CONSTRAINT `fk_equipment_equipment_group` FOREIGN KEY (`equipment_group_id`) REFERENCES `equipment_groups` (`id`),
  ADD CONSTRAINT `fk_equipment_equipment_name` FOREIGN KEY (`equipment_name_id`) REFERENCES `equipment_names` (`id`),
  ADD CONSTRAINT `fk_equipment_equipment_status` FOREIGN KEY (`equipment_status_id`) REFERENCES `equipment_statuses` (`id`),
  ADD CONSTRAINT `fk_equipment_unit` FOREIGN KEY (`unit_id`) REFERENCES `units` (`id`);

--
-- Constraints for table `equipment_brokens`
--
ALTER TABLE `equipment_brokens`
  ADD CONSTRAINT `fk_equipment_brokens_equipment` FOREIGN KEY (`equipment_id`) REFERENCES `equipment` (`id`),
  ADD CONSTRAINT `fk_equipment_brokens_equipment_status` FOREIGN KEY (`equipment_status_id`) REFERENCES `equipment_statuses` (`id`),
  ADD CONSTRAINT `fk_equipment_brokens_user` FOREIGN KEY (`user_id`) REFERENCES `users` (`id`);

--
-- Constraints for table `set_times`
--
ALTER TABLE `set_times`
  ADD CONSTRAINT `fk_set_times_user` FOREIGN KEY (`user_id`) REFERENCES `users` (`id`);

--
-- Constraints for table `signatures`
--
ALTER TABLE `signatures`
  ADD CONSTRAINT `fk_signatures_user` FOREIGN KEY (`user_id`) REFERENCES `users` (`id`);

--
-- Constraints for table `users`
--
ALTER TABLE `users`
  ADD CONSTRAINT `fk_users_branch` FOREIGN KEY (`branch_id`) REFERENCES `branches` (`id`),
  ADD CONSTRAINT `fk_users_position_branch` FOREIGN KEY (`position_branch_id`) REFERENCES `position_branches` (`id`),
  ADD CONSTRAINT `fk_users_position_fac` FOREIGN KEY (`position_fac_id`) REFERENCES `position_facs` (`id`);
COMMIT;

/*!40101 SET CHARACTER_SET_CLIENT=@OLD_CHARACTER_SET_CLIENT */;
/*!40101 SET CHARACTER_SET_RESULTS=@OLD_CHARACTER_SET_RESULTS */;
/*!40101 SET COLLATION_CONNECTION=@OLD_COLLATION_CONNECTION */;
